Date,ADANIENT.NS,ASIANPAINT.NS,AXISBANK.NS,BAJFINANCE.NS,HDFCBANK.NS,HINDUNILVR.NS,ICICIBANK.NS,INFY.NS,ITC.NS,KOTAKBANK.NS,LT.NS,MARUTI.NS,NTPC.NS,POWERGRID.NS,RELIANCE.NS,SBIN.NS,TCS.NS,TITAN.NS,ULTRACEMCO.NS,WIPRO.NS,^NSEI
2013-01-31,33.65438461303711,403.2140808105469,284.2964782714844,12.23446273803711,144.2928924560547,380.53485107421875,189.453125,249.89927673339844,130.55503845214844,67.41970825195312,565.76025390625,1420.948486328125,80.66773223876953,36.48169708251953,185.6392364501953,210.0341339111328,499.7315673828125,262.8457946777344,1805.6241455078125,65.9769058227539,6034.75
2013-02-28,29.02446937561035,382.7046203613281,253.88641357421875,12.135964393615723,140.3212127685547,355.7251892089844,165.4762420654297,260.4256591796875,125.10203552246094,65.36345672607422,501.89508056640625,1216.78173828125,77.4841537475586,35.062564849853516,170.39697265625,179.26986694335938,563.9942016601562,245.48583984375,1772.8819580078125,66.75440979003906,5693.0498046875
2013-03-31,27.214221954345703,440.4884338378906,245.67947387695312,10.873921394348145,140.3212127685547,374.9145202636719,166.23971557617188,258.84442138671875,131.3189239501953,64.70944213867188,501.3080139160156,1151.06201171875,74.74602508544922,35.56682586669922,161.82318115234375,178.56771850585938,585.8363647460938,241.25167846679688,1773.736083984375,70.08092498779297,5682.5498046875
2013-04-30,29.354211807250977,419.34747314453125,281.9449157714844,11.61409854888916,153.10011291503906,468.733642578125,185.0792694091797,200.26434326171875,139.5515594482422,70.07050323486328,554.8805541992188,1500.01025390625,82.85511016845703,37.71831130981445,165.02659606933594,195.06985473632812,512.465087890625,254.7068634033203,1804.0106201171875,55.84511184692383,5930.2001953125
2013-05-31,28.492834091186523,435.63763427734375,270.2058410644531,13.944967269897461,157.1840057373047,475.71868896484375,186.6892852783203,218.5624237060547,146.49513244628906,77.58692932128906,513.9855346679688,1442.510986328125,81.19644927978516,38.088104248046875,170.85255432128906,179.77859497070312,557.0974731445312,276.2068176269531,1782.609619140625,52.52663040161133,5985.9501953125
2013-06-30,27.73239517211914,418.6068115234375,250.30712890625,13.115288734436035,151.48281860351562,469.8174133300781,173.15396118164062,226.46046447753906,139.7931671142578,71.56686401367188,516.6091918945312,1381.552734375,75.6938247680664,37.41576385498047,182.78237915039062,171.61424255371094,569.46533203125,210.29544067382812,1781.3758544921875,56.76466369628906,5842.2001953125
2013-07-31,24.763198852539062,458.28717041015625,198.22915649414062,10.950472831726074,137.963623046875,496.7436218261719,147.00497436523438,269.1270751953125,147.27090454101562,64.70985412597656,466.2747497558594,1191.580810546875,68.82215118408203,33.98682403564453,184.78480529785156,150.0592498779297,682.5413208007812,249.91665649414062,1751.2330322265625,71.24046325683594,5742.0
2013-08-31,20.022809982299805,380.0551452636719,159.60073852539062,9.829051971435547,134.39999389648438,512.0704956054688,129.9766387939453,281.4703369140625,133.04808044433594,65.42900085449219,405.05535888671875,1123.749755859375,68.92745208740234,32.82704162597656,180.92828369140625,133.41868591308594,764.3861083984375,213.15023803710938,1406.2591552734375,78.65727233886719,5471.7998046875
2013-09-30,19.916683197021484,414.63433837890625,193.1132049560547,11.156759262084961,134.18504333496094,508.8268127441406,142.89749145507812,273.05572509765625,146.71058654785156,67.26412200927734,440.9460144042969,1227.671142578125,78.85527801513672,33.356170654296875,174.26409912109375,141.8465576171875,724.7608032226562,220.21890258789062,1725.1551513671875,76.94132232666016,5735.2998046875
2013-10-31,29.383298873901367,488.07110595703125,234.28041076660156,12.952083587646484,154.03958129882812,499.0267639160156,181.2719268798828,301.7615966796875,144.38323974609375,74.63926696777344,544.3411254882812,1478.5728759765625,79.73767852783203,34.46179962158203,193.8222198486328,157.81956481933594,795.6141967773438,253.5221405029297,1875.3779296875,77.69766235351562,6299.14990234375
2013-11-30,37.23677062988281,455.6808776855469,221.49050903320312,13.5025053024292,149.62744140625,486.6709899902344,172.81436157226562,305.8321838378906,138.09071350097656,75.07076263427734,584.7321166992188,1514.674072265625,78.7483139038086,32.35259246826172,180.79055786132812,159.81344604492188,755.0433349609375,217.3249969482422,1819.0743408203125,76.57536315917969,6176.10009765625
2013-12-31,37.1447868347168,443.3309326171875,249.0055389404297,15.136530876159668,150.65695190429688,466.9503479003906,177.68190002441406,317.7845764160156,138.71566772460938,72.23873901367188,598.31689453125,1593.9705810546875,73.26667022705078,33.98553466796875,189.6902313232422,155.16250610351562,818.216552734375,217.7519989013672,1682.05712890625,90.95357513427734,6304.0
2014-01-31,33.79822540283203,426.7738952636719,215.1674041748047,14.656947135925293,142.20602416992188,466.50018310546875,159.72372436523438,337.427001953125,140.11639404296875,65.17607116699219,551.161376953125,1478.617919921875,69.80253601074219,32.48867416381836,176.11822509765625,133.84909057617188,845.7130126953125,210.20892333984375,1631.1405029296875,94.02510070800781,6089.5
2014-02-28,35.97738265991211,427.9501037597656,242.77825927734375,15.043198585510254,151.5054473876953,449.439208984375,168.8039093017578,348.709228515625,141.21543884277344,67.89895629882812,620.3432006835938,1435.919921875,62.04670715332031,32.14847183227539,169.50704956054688,134.6747283935547,858.8080444335938,230.08651733398438,1753.66455078125,97.65498352050781,6276.9501953125
2014-03-31,52.073455810546875,495.7616882324219,279.8450622558594,17.144365310668945,169.4254150390625,495.5082092285156,201.34048461914062,299.29083251953125,152.07650756835938,77.47624969482422,711.0482177734375,1781.7969970703125,66.18682861328125,36.206077575683594,197.22315979003906,169.94985961914062,804.9944458007812,249.25244140625,2085.2412109375,88.8173828125,6704.2001953125
2014-04-30,59.12743377685547,457.0379943847656,290.7093200683594,17.899635314941406,163.2032470703125,464.3727111816406,201.0736541748047,289.9915771484375,146.86148071289062,79.61388397216797,723.4586791992188,1737.7435302734375,64.2271728515625,36.4819450378418,198.29324340820312,184.20909118652344,826.146240234375,241.80433654785156,1932.8736572265625,85.40823364257812,6696.39990234375
2014-05-31,67.76625061035156,459.2546691894531,351.822998046875,19.344606399536133,179.36965942382812,493.7079772949219,229.31678771972656,271.66455078125,147.29248046875,86.16571807861328,864.0026245117188,2052.941162109375,88.5987319946289,42.068016052246094,227.83285522460938,226.60073852539062,808.089111328125,294.1312255859375,2271.4111328125,82.76761627197266,7229.9501953125
2014-06-30,64.39138793945312,541.6212158203125,371.497314453125,19.207721710205078,187.4583282470703,513.6355590820312,236.71298217773438,300.8836975097656,142.7367706298828,87.64372253417969,951.3253173828125,2204.349609375,86.22503662109375,47.99891662597656,217.28326416015625,239.43601989746094,924.0654296875,334.9775085449219,2471.40625,89.34062957763672,7611.35009765625
2014-07-31,62.64547348022461,573.2156982421875,379.1253356933594,21.147899627685547,190.2991180419922,568.4891357421875,245.57626342773438,311.24407958984375,156.3495635986328,94.687255859375,840.187255859375,2280.89013671875,80.07005310058594,45.89551544189453,215.3680877685547,217.41993713378906,1000.260498046875,325.7159729003906,2316.76806640625,89.83467864990234,7721.2998046875
2014-08-31,69.15839385986328,569.158203125,384.5462951660156,23.83913803100586,192.47821044921875,614.7316284179688,259.8559875488281,332.60736083984375,156.02023315429688,103.01221466064453,861.6260986328125,2527.18701171875,76.81072235107422,44.55072021484375,213.70968627929688,219.33187866210938,977.890625,347.06109619140625,2440.4130859375,93.2752685546875,7954.35009765625
2014-09-30,67.97423553466797,575.5838623046875,365.6214904785156,26.249675750732422,199.11813354492188,617.6707763671875,239.28350830078125,346.37359619140625,162.5631103515625,100.58472442626953,823.102783203125,2779.815185546875,77.76104736328125,47.101680755615234,202.36831665039062,217.99484252929688,1060.9530029296875,389.6081237792969,2518.5048828125,98.48150634765625,7964.7998046875
2014-10-31,69.9310073852539,600.680908203125,425.3482971191406,27.09080696105957,208.06265258789062,616.3919677734375,271.5151672363281,377.31243896484375,155.97633361816406,111.02444458007812,934.4113159179688,3028.8583984375,83.910400390625,50.775787353515625,214.1055450439453,240.91123962402344,1013.0813598632812,375.8077697753906,2438.8818359375,93.01949310302734,8322.2001953125
2014-11-30,66.27741241455078,680.8629150390625,465.8116455078125,29.82400894165039,218.39906311035156,656.2547607421875,292.8387145996094,406.0539245605469,159.46734619140625,119.38912200927734,925.32373046875,3036.981201171875,79.77354431152344,49.696197509765625,212.1903533935547,286.4764404296875,1026.7366943359375,354.17620849609375,2377.4423828125,96.66634368896484,8588.25
2014-12-31,70.22705078125,687.8115844726562,486.33367919921875,33.606204986572266,217.1326446533203,634.54931640625,294.6915283203125,367.42620849609375,161.9044647216797,125.48518371582031,843.6485595703125,3022.096923828125,80.50030517578125,48.05938720703125,190.69528198242188,277.9641418457031,993.8133544921875,364.4906005859375,2560.99609375,91.61683654785156,8282.7001953125
2015-01-31,90.5889892578125,784.2222290039062,569.2930297851562,39.071632385253906,245.8258514404297,778.5146484375,301.0343322753906,398.9709167480469,161.838623046875,131.27345275878906,959.8677368164062,3310.302490234375,80.30464935302734,51.54194259643555,195.8523712158203,275.3792724609375,966.140869140625,411.2397766113281,3005.334228515625,100.94780731201172,8808.900390625
2015-02-28,102.72673797607422,737.9597778320312,549.0130615234375,39.61711502075195,240.4979248046875,740.61376953125,279.794189453125,422.04046630859375,172.88253784179688,132.8172607421875,992.8314819335938,3271.321533203125,89.04205322265625,54.711090087890625,183.0772705078125,267.31268310546875,1036.322998046875,415.77618408203125,2991.409423828125,108.8947982788086,8844.599609375
2015-03-31,88.86328887939453,741.75390625,542.2852172851562,39.630126953125,233.35598754882812,729.2601318359375,263.31109619140625,413.21136474609375,143.0880584716797,130.38485717773438,970.6487426757812,3355.681884765625,82.52334594726562,50.810211181640625,176.7539520263672,238.03216552734375,994.1283569335938,373.99322509765625,2754.16748046875,104.65917205810547,8491.0
2015-04-30,97.36186218261719,697.0914306640625,549.6422119140625,39.01134490966797,225.62083435058594,709.8922729492188,276.3724060058594,361.7822570800781,141.5511474609375,132.3357696533203,920.7799682617188,3381.54833984375,84.46211242675781,49.7432861328125,184.53240966796875,240.43878173828125,958.998291015625,365.5888366699219,2557.2158203125,89.63890838623047,8181.5
2015-05-31,101.99745178222656,719.582763671875,566.679443359375,40.67287063598633,239.71072387695312,717.5726318359375,264.7716369628906,376.8514709472656,143.636962890625,138.92823791503906,933.8469848632812,3435.867431640625,76.73517608642578,50.26799774169922,190.0318145751953,251.0558319091797,1016.0626220703125,361.29119873046875,2847.380126953125,93.48345184326172,8433.650390625
2015-06-30,46.6413688659668,694.5477905273438,541.0751342773438,52.50706481933594,243.4984588623047,773.3515014648438,261.4723205566406,372.26934814453125,141.2669677734375,137.68360900878906,1006.2936401367188,3651.556396484375,77.35334014892578,48.658870697021484,216.70559692382812,237.1559295654297,1002.19140625,349.8306884765625,2864.75,90.98697662353516,8368.5
2015-07-31,46.03533172607422,811.7388916015625,559.6242065429688,53.34577941894531,255.55885314941406,777.527587890625,256.7182312011719,407.3274230957031,146.13050842285156,138.18035888671875,1011.0630493164062,3931.185302734375,75.89226531982422,49.673309326171875,217.08480834960938,243.74484252929688,988.5182495117188,311.13916015625,3013.755126953125,96.0224838256836,8532.849609375
2015-08-31,39.69655990600586,780.2916870117188,495.4649658203125,48.60193634033203,236.20196533203125,726.2771606445312,235.9193115234375,413.8889465332031,145.74952697753906,129.49688720703125,904.7496948242188,3804.7666015625,68.24964141845703,45.70296096801758,185.4597625732422,223.2560272216797,1009.503662109375,324.7421569824219,2773.687744140625,96.3510513305664,7971.2998046875
2015-09-30,42.70747375488281,773.8551635742188,483.6577453613281,49.66714859008789,245.70799255371094,687.3438110351562,229.50982666015625,439.4355773925781,147.38563537597656,128.7815399169922,836.0944213867188,4278.080078125,70.60269165039062,46.79360580444336,186.8465576171875,214.04959106445312,1018.9523315429688,305.5633850097656,2565.982421875,100.74061584472656,7948.89990234375
2015-10-31,48.808536529541016,765.82373046875,463.897705078125,50.54893112182617,252.78868103027344,681.0884399414062,235.15525817871094,433.36279296875,150.00790405273438,136.640380859375,804.4468994140625,4062.057373046875,75.76596069335938,45.52077865600586,205.35133361816406,213.9593505859375,984.536376953125,336.42254638671875,2770.135986328125,96.52799987792969,8065.7998046875
2015-11-30,43.52622985839844,773.0610961914062,457.3110046386719,53.63325500488281,247.76551818847656,690.743408203125,232.2264404296875,415.214599609375,155.162841796875,137.57427978515625,783.833251953125,4158.83837890625,74.68196105957031,48.15479278564453,209.55502319335938,224.4293670654297,936.53662109375,366.7529602050781,2688.50390625,96.03936004638672,7935.25
2015-12-31,44.05446243286133,814.5952758789062,438.2340087890625,58.17238235473633,248.77706909179688,733.9149780273438,221.86941528320312,421.893798828125,146.93739318847656,143.07846069335938,727.2953491210938,4219.96630859375,83.43956756591797,49.9049186706543,219.8474884033203,202.58665466308594,961.5131225585938,333.7307434082031,2668.827392578125,94.34586334228516,7946.35009765625
2016-01-31,38.481624603271484,802.0104370117188,398.51873779296875,57.38302993774414,241.35154724121094,694.9118041992188,195.3826141357422,444.6028137207031,143.5306396484375,135.83563232421875,628.1898803710938,3739.621826171875,81.27156066894531,52.27375793457031,224.35452270507812,162.376220703125,945.8218383789062,349.6410827636719,2725.98486328125,95.70440673828125,7563.5498046875
2016-02-29,31.033567428588867,780.0680541992188,366.6587219238281,57.418365478515625,223.41998291015625,706.3958129882812,161.34027099609375,413.74517822265625,132.5260467529297,125.2644271850586,613.5635375976562,2955.01220703125,69.0555648803711,46.23330307006836,209.45753479003906,143.28643798828125,860.981689453125,304.5539245605469,2657.357421875,88.46875,6987.0498046875
2016-03-31,39.392112731933594,800.6276245117188,433.4037780761719,67.20809173583984,246.2482452392578,739.656982421875,200.9006805419922,464.9837951660156,147.1390838623047,135.24942016601562,693.7944946289062,3393.082275390625,74.45864868164062,49.45061111450195,229.02796936035156,175.32839965820312,996.8445434570312,328.1019287109375,3099.018310546875,95.95098114013672,7738.39990234375
2016-04-30,46.27772521972656,798.6455078125,460.9702453613281,66.28550720214844,260.31756591796875,738.2958374023438,201.1553955078125,461.0908508300781,145.65985107421875,142.50222778320312,715.4060668945312,3464.61767578125,80.49739837646484,50.97928237915039,215.33277893066406,170.58981323242188,1002.856689453125,344.3570556640625,3034.4228515625,94.26748657226562,7849.7998046875
2016-05-31,38.885032653808594,907.9894409179688,502.7347717285156,73.65939331054688,271.708740234375,721.537841796875,207.69216918945312,476.5673828125,161.32269287109375,148.34414672851562,840.2571411132812,3799.653564453125,82.72219848632812,53.32561111450195,209.88754272460938,184.98614501953125,1016.2648315429688,348.807861328125,3097.051025390625,92.75403594970703,8160.10009765625
2016-06-30,46.304412841796875,929.9361572265625,520.5918579101562,77.6186294555664,272.6755676269531,772.8052368164062,208.414306640625,452.0576171875,169.2957763671875,151.6824188232422,853.34375,3823.02734375,90.3211898803711,57.98271942138672,212.36361694335938,200.08096313476562,1020.2943115234375,393.0740661621094,3273.945556640625,94.87966918945312,8287.75
2016-07-31,43.048431396484375,1032.6806640625,537.91943359375,100.76263427734375,288.8421630859375,793.4467163085938,227.7785186767578,414.6244201660156,174.01756286621094,151.81019592285156,888.8972778320312,4343.8173828125,91.5058364868164,62.568721771240234,222.3885498046875,209.7740936279297,1049.461669921875,407.732666015625,3578.731689453125,92.85132598876953,8638.5
2016-08-31,38.85833740234375,1073.231689453125,587.8552856445312,106.96469116210938,299.2721252441406,788.7161865234375,223.5331268310547,399.9521179199219,179.25636291503906,160.4396209716797,873.3318481445312,4646.20849609375,92.0259017944336,65.30610656738281,232.27101135253906,230.89781188964844,1006.1902465820312,404.9267578125,3877.5849609375,83.75443267822266,8786.2001953125
2016-09-30,35.06858825683594,1075.826904296875,533.191650390625,102.5728759765625,295.0190734863281,746.4013061523438,218.46463012695312,400.0293273925781,166.3661346435547,154.4944610595703,827.2682495117188,5035.703125,86.46322631835938,63.28146743774414,237.4642333984375,229.75477600097656,973.9365234375,382.28564453125,3707.079345703125,81.59093475341797,8611.150390625
2016-10-31,35.7091064453125,991.6663208007812,479.562255859375,104.19029998779297,291.8205261230469,719.4385986328125,239.8649139404297,389.2755126953125,167.5724639892578,162.9150848388672,854.7160034179688,5402.39599609375,88.94611358642578,63.04847717285156,231.16441345214844,235.92727661132812,963.6541748046875,361.4345397949219,3833.310302734375,78.7204818725586,8638.0
2016-11-30,36.32294845581055,901.2108154296875,462.7692565917969,89.3517837524414,278.04132080078125,732.0146484375,230.0745086669922,380.7093811035156,160.26571655273438,150.20957946777344,798.1754760742188,4841.43798828125,95.31402587890625,68.78341674804688,216.9433135986328,236.24732971191406,914.381103515625,313.0078430175781,3468.28564453125,79.25708770751953,8224.5
2016-12-31,40.8599739074707,827.94482421875,443.1691589355469,81.81350708007812,279.5710144042969,716.7064819335938,221.19381713867188,394.3876953125,166.5729522705078,143.10122680664062,778.7515258789062,4890.67041015625,96.24876403808594,65.7725830078125,237.17938232421875,228.7946014404297,950.336669921875,316.2008361816406,3128.286376953125,80.82435607910156,8185.7998046875
2017-01-31,46.517921447753906,901.9539794921875,458.97723388671875,100.72718048095703,298.21759033203125,741.902099609375,233.020263671875,362.38714599609375,177.91220092773438,153.92776489257812,834.8301391601562,5419.037109375,100.68877410888672,74.26744842529297,229.02796936035156,238.0762176513672,898.3555908203125,350.30755615234375,3555.8720703125,78.02203369140625,8561.2998046875
2017-02-28,52.576194763183594,951.6651611328125,499.0146789550781,107.6534423828125,322.19500732421875,751.0089721679688,239.43167114257812,395.0901794433594,180.73837280273438,159.48519897460938,848.0776977539062,5445.00927734375,96.67403411865234,69.21661376953125,271.2859802246094,246.1690673828125,993.6182250976562,423.0202331542969,3632.96826171875,83.63574981689453,8879.599609375
2017-03-31,57.94056701660156,997.4735717773438,483.4035339355469,113.76371765136719,334.35186767578125,790.7752685546875,239.8649139404297,398.9341125488281,193.21498107910156,173.4235076904297,909.091796875,5530.69384765625,98.4834976196289,71.0717544555664,289.44036865234375,268.29864501953125,979.73828125,447.74151611328125,3835.283447265625,88.23844909667969,9173.75
2017-04-30,58.154075622558594,1041.0985107421875,501.9694519042969,123.97339630126953,358.4451599121094,810.8972778320312,241.29446411132812,358.6211853027344,191.62954711914062,179.33883666992188,1010.0506591796875,5998.79541015625,97.59358215332031,74.92613983154297,305.72125244140625,264.9609375,915.8206176757812,454.9983215332031,4089.573486328125,84.56827545166016,9304.0498046875
2017-05-31,62.344154357910156,1069.6707763671875,506.3031005859375,128.90341186523438,379.2356872558594,925.42626953125,282.83868408203125,381.2947998046875,214.9284210205078,192.08412170410156,1016.3427124023438,6629.62646484375,95.04251861572266,74.90812683105469,293.77899169921875,266.0191650390625,1025.989990234375,459.49749755859375,4037.839599609375,91.6263198852539,9621.25
2017-06-30,70.77769470214844,1031.703369140625,509.55340576171875,133.3865509033203,385.4537353515625,944.7637329101562,278.7001953125,370.69561767578125,226.5986785888672,190.0361328125,974.1463623046875,6635.69384765625,94.30091857910156,75.8447036743164,302.3905334472656,252.50140380859375,962.39892578125,507.4405517578125,3810.595458984375,88.40953826904297,9520.900390625
2017-07-31,73.98629760742188,1086.658203125,516.99658203125,165.8705596923828,416.3334045410156,1011.4030151367188,290.6589050292969,400.67071533203125,199.71348571777344,203.26654052734375,1046.4217529296875,7125.21533203125,97.41561126708984,80.43750762939453,356.74200439453125,288.3489074707031,1017.9961547851562,529.130859375,3914.28125,98.71002960205078,10077.099609375
2017-08-31,71.11590576171875,1093.0660400390625,497.6514892578125,173.545166015625,414.47845458984375,1067.4095458984375,286.2884826660156,362.53326416015625,197.61306762695312,194.18405151367188,1008.086181640625,7150.2900390625,100.11499786376953,78.9786148071289,352.1700439453125,256.2845153808594,1019.8548583984375,599.9571533203125,3859.767578125,102.35453796386719,9917.900390625
2017-09-30,62.397438049316406,1058.596435546875,506.4040222167969,179.01376342773438,421.3030700683594,1027.286376953125,265.6849060058594,356.5699157714844,180.8448486328125,199.40672302246094,1013.1875610351562,7408.34033203125,100.62862396240234,77.22073364257812,344.9477844238281,234.2316131591797,995.178955078125,568.3114013671875,3718.70703125,95.90391540527344,9788.599609375
2017-10-31,70.9817886352539,1107.0518798828125,520.3285522460938,175.3663787841797,421.95635986328125,1082.8992919921875,288.257568359375,370.3670654296875,186.0258331298828,203.94300842285156,1084.38232421875,7624.7451171875,108.92172241210938,77.53181457519531,415.6026611328125,282.1667175292969,1074.923095703125,617.6029663085938,4246.3330078125,100.62640380859375,10335.2998046875
2017-11-30,78.65403747558594,1075.083251953125,532.5125122070312,168.20310974121094,432.5023193359375,1120.7734375,295.41357421875,392.1628112792969,179.26954650878906,199.01873779296875,1079.2811279296875,7984.89111328125,108.86161804199219,75.40914916992188,407.0772399902344,295.5922546386719,1080.24853515625,796.1512451171875,4056.0166015625,99.89065551757812,10226.5498046875
2017-12-31,89.25033569335938,1086.0989990234375,560.9085083007812,171.0908203125,436.86541748046875,1204.8018798828125,301.6090393066406,418.6591796875,184.31051635742188,200.9884490966797,1116.276123046875,9034.5966796875,106.36769104003906,73.32310485839844,406.8563232421875,285.9498596191406,1106.547607421875,834.3108520507812,4168.7109375,107.53900909423828,10530.7001953125
2018-01-31,114.38636016845703,1057.786376953125,590.3985595703125,163.41136169433594,467.96673583984375,1206.122802734375,339.0220031738281,462.1302490234375,190.01663208007812,220.63565063476562,1256.669921875,8830.451171875,102.31127166748047,70.92595672607422,424.63604736328125,289.0409851074219,1277.9990234375,845.3942260742188,4227.95263671875,104.61135864257812,11027.7001953125
2018-02-28,109.20892333984375,1047.8958740234375,525.8983154296875,159.7493896484375,439.6185607910156,1160.673828125,300.88861083984375,471.1097717285156,185.57073974609375,216.9748077392578,1169.4173583984375,8218.751953125,99.75211334228516,73.27149963378906,421.6543884277344,247.28805541992188,1246.257568359375,793.4776611328125,4009.511474609375,100.52577209472656,10492.849609375
2018-03-31,83.91194915771484,1050.3800048828125,507.74676513671875,172.14755249023438,440.0618896484375,1174.4140625,267.3658752441406,454.7176513671875,178.8844451904297,208.4693145751953,1162.985107421875,8228.1787109375,103.69331359863281,71.62225341796875,389.9159851074219,230.5868682861328,1169.923095703125,916.1232299804688,3811.1396484375,96.52601623535156,10113.7001953125
2018-04-30,88.50872039794922,1126.5989990234375,514.5100708007812,185.7972412109375,453.6410217285156,1329.038818359375,272.9849853515625,481.9171142578125,197.052978515625,240.95933532714844,1242.830078125,8185.3232421875,105.19033813476562,77.03327941894531,425.51947021484375,227.3573760986328,1450.3575439453125,954.5259399414062,3964.40478515625,95.7020263671875,10739.349609375
2018-05-31,76.44222259521484,1223.1151123046875,542.9558715820312,205.49014282226562,502.3613586425781,1419.364501953125,274.5218200683594,494.8941650390625,193.966064453125,265.5307922363281,1215.771484375,7927.41357421875,102.37956237792969,77.62626647949219,406.9888610839844,248.71824645996094,1441.72412109375,875.0955810546875,3613.24951171875,89.91700744628906,10736.150390625
2018-06-30,71.48296356201172,1191.029052734375,508.04510498046875,223.6491241455078,495.082275390625,1456.4312744140625,264.5322265625,538.0603637695312,190.0745849609375,267.1921081542969,1131.2247314453125,8195.212890625,97.5523681640625,69.25028228759766,432.4328308105469,239.3065643310547,1530.080078125,854.0955810546875,3684.358642578125,89.77967834472656,10714.2998046875
2018-07-31,123.85485076904297,1367.123779296875,547.4315795898438,263.208984375,511.7655334472656,1536.7451171875,292.2438049316406,561.8929443359375,212.5665283203125,260.14239501953125,1155.3558349609375,8840.5244140625,94.61937713623047,67.56395721435547,527.39501953125,270.81732177734375,1609.8726806640625,890.8880004882812,4057.294189453125,94.89521789550781,11356.5
2018-08-31,142.7388458251953,1292.758056640625,645.7484741210938,278.6919250488281,483.98760986328125,1579.7420654296875,330.55084228515625,593.1754760742188,228.3822479248047,256.24078369140625,1230.531982421875,8521.74609375,104.79317474365234,74.67984771728516,552.1417236328125,285.6730651855469,1724.54345703125,870.9191284179688,4329.8251953125,103.42687225341797,11680.5
2018-09-30,128.9857635498047,1218.203857421875,609.9425659179688,211.5115966796875,471.0379333496094,1427.36767578125,294.80389404296875,600.9961547851562,212.60218811035156,227.2476043701172,1142.9736328125,6883.751953125,103.42362213134766,70.8382568359375,559.39013671875,244.9812774658203,1811.9161376953125,786.6492919921875,3927.801025390625,111.23753356933594,10930.4501953125
2018-10-31,167.8988037109375,1161.7379150390625,579.259033203125,232.44326782226562,448.89544677734375,1447.38427734375,342.51470947265625,571.2157592773438,199.9995880126953,222.77870178222656,1165.79541015625,6198.41650390625,98.96060943603516,69.91703796386719,471.9207458496094,259.6524353027344,1611.5592041015625,824.7317504882812,3385.496337890625,113.70947265625,10386.599609375
2018-11-30,162.96058654785156,1270.839599609375,622.375244140625,247.5797882080078,499.7784729003906,1565.4632568359375,342.65948486328125,555.4456787109375,204.069580078125,245.63084411621094,1287.092041015625,7177.58740234375,86.96633911132812,67.73625946044922,519.190673828125,262.65130615234375,1636.5875244140625,905.2911376953125,3869.46337890625,111.460693359375,10876.75
2018-12-31,159.0100555419922,1296.427001953125,616.5567626953125,258.0627136230469,498.193603515625,1624.056396484375,347.4836120605469,548.3721313476562,201.10633850097656,250.1196746826172,1291.6292724609375,6993.87548828125,92.3901138305664,74.69225311279297,498.6017761230469,273.0318298339844,1574.0592041015625,909.099365234375,3861.046875,113.58930206298828,10862.5498046875
2019-01-31,135.4547882080078,1333.77001953125,718.8023071289062,251.2041473388672,488.3902282714844,1573.7191162109375,351.6324462890625,627.197509765625,198.96424865722656,249.97036743164062,1180.8902587890625,6221.60302734375,86.59441375732422,70.9134521484375,545.69384765625,270.9557189941406,1678.301025390625,972.375,3404.79736328125,127.11376190185547,10830.9501953125
2019-02-28,127.2574234008789,1326.7828369140625,705.72314453125,258.4382629394531,487.8266906738281,1546.408447265625,337.8353271484375,614.4368286132812,197.10780334472656,241.48043823242188,1161.707275390625,6398.24169921875,89.88618469238281,68.75144958496094,547.4280395507812,248.25686645507812,1652.760986328125,1001.0833740234375,3701.94970703125,127.01049041748047,10792.5
2019-03-31,136.09677124023438,1413.4600830078125,776.489501953125,292.2772216796875,540.7174072265625,1502.8984375,386.4627685546875,617.3656005859375,214.2087860107422,266.8905029296875,1245.94091796875,6179.5390625,103.6634292602539,76.84219360351562,604.7700805664062,294.34661865234375,1666.802001953125,1107.568115234375,3781.716064453125,116.94554901123047,11570.0
2019-04-30,125.47965240478516,1381.4993896484375,762.7142333984375,302.0430603027344,544.1572875976562,1568.7652587890625,393.1683654785156,628.7036743164062,215.17269897460938,276.00750732421875,1211.6634521484375,6245.25830078125,102.3652572631836,72.24910736083984,619.3555908203125,285.99603271484375,1883.495361328125,1131.2965087890625,4466.52587890625,137.05239868164062,11748.150390625
2019-05-31,152.83729553222656,1328.76611328125,803.940673828125,338.2526550292969,569.4932250976562,1596.254638671875,408.7986145019531,617.3237915039062,202.8527374267578,303.0001220703125,1399.4486083984375,6435.85546875,101.75435638427734,73.3731460571289,591.4962768554688,325.257568359375,1830.3319091796875,1206.680419921875,4605.16162109375,131.47479248046875,11922.7998046875
2019-06-30,148.6398162841797,1289.278076171875,804.1893310546875,359.13067626953125,577.3801879882812,1606.982666015625,421.7273254394531,621.1648559570312,199.42999267578125,294.032470703125,1395.5401611328125,6121.83203125,107.93977355957031,80.19496154785156,557.2333984375,333.3314208984375,1870.8909912109375,1303.3028564453125,4407.55908203125,128.76634216308594,11788.849609375
2019-07-31,127.5832748413086,1443.964599609375,671.2970581054688,317.828369140625,531.9930419921875,1552.1910400390625,410.6678466796875,673.4801635742188,196.7718963623047,302.6456298828125,1262.6043701171875,5124.158203125,96.63798522949219,81.70658874511719,518.6126098632812,306.5264892578125,1857.15771484375,1036.1832275390625,4216.1884765625,121.78864288330078,11118.0
2019-08-31,136.05250549316406,1534.2423095703125,661.1394653320312,325.6908874511719,527.56494140625,1691.754638671875,396.2084045410156,691.512451171875,178.89344787597656,285.0989685058594,1208.86181640625,5816.9091796875,94.80918884277344,78.64545440673828,558.542724609375,252.6859588623047,1902.540283203125,1084.002685546875,3930.398681640625,116.78488159179688,11023.25
2019-09-30,144.4722137451172,1672.7908935546875,682.1517944335938,395.4273986816406,581.3053588867188,1781.695556640625,419.4692687988281,683.6631469726562,189.2345428466797,327.521728515625,1341.7386474609375,6379.29345703125,91.5748519897461,78.07669067382812,595.9861450195312,249.8716278076172,1767.571044921875,1248.74658203125,4210.708984375,110.08260345458984,11474.4501953125
2019-10-31,197.7639617919922,1721.0125732421875,733.2882080078125,393.6192932128906,582.6787719726562,1965.7193603515625,447.8561706542969,589.1137084960938,187.63241577148438,313.58990478515625,1340.646484375,7180.6240234375,95.39370727539062,77.80211639404297,655.08154296875,288.25665283203125,1953.969482421875,1305.7861328125,4018.614013671875,119.0342788696289,11877.4501953125
2019-11-30,212.8699188232422,1622.626953125,735.9769897460938,398.1784973144531,603.8007202148438,1839.1654052734375,495.78033447265625,598.3507690429688,179.43963623046875,321.69598388671875,1210.955322265625,6882.7841796875,90.67858123779297,75.82127380371094,693.9117431640625,315.4306640625,1767.66845703125,1137.560302734375,4131.0283203125,109.11858367919922,12056.0498046875
2019-12-31,206.3817901611328,1697.5692138671875,750.9644165039062,413.8693542480469,602.4510498046875,1737.6871337890625,521.2174072265625,628.2532348632812,173.10391235351562,335.468505859375,1181.512939453125,6999.38427734375,92.78285217285156,74.62492370605469,677.31494140625,307.9566650390625,1861.0343017578125,1165.270751953125,3924.38525390625,112.83695983886719,12168.4501953125
2020-01-31,227.28245544433594,1707.7454833984375,726.2675170898438,426.6868591308594,580.7607421875,1838.216552734375,508.4021911621094,666.7483520507812,171.24688720703125,336.94232177734375,1246.2220458984375,6567.087890625,87.95082092285156,73.29129028320312,631.5060424804688,293.839111328125,1793.9444580078125,1165.0748291015625,4283.3076171875,109.144287109375,11962.099609375
2020-02-29,216.58447265625,1709.9326171875,694.4006958007812,436.4551086425781,557.720703125,1965.177001953125,480.93402099609375,628.7258911132812,143.8648681640625,322.7218017578125,1080.808349609375,5968.27490234375,83.04084777832031,71.19275665283203,594.3756103515625,279.5831298828125,1725.8641357421875,1230.55029296875,4092.716552734375,102.06925201416016,11201.75
2020-03-31,137.2665557861328,1591.2857666015625,377.4241027832031,217.05165100097656,408.1853332519531,2077.00146484375,313.1269836425781,551.2200317382812,125.03971099853516,258.131591796875,746.1339721679688,4073.427734375,66.03643035888672,64.70321655273438,498.2395324707031,181.6367645263672,1587.1949462890625,915.8748779296875,3147.277587890625,90.66165924072266,8597.75
2020-04-30,141.05735778808594,1679.3243408203125,443.0500793457031,227.07260131835938,474.4402770996094,1983.475341796875,367.6763916015625,614.8057250976562,132.57705688476562,270.3107604980469,828.3148193359375,5090.28857421875,74.5458755493164,65.90294647216797,655.8196411132812,175.7775115966797,1750.903076171875,951.5308227539062,3428.023681640625,88.01140594482422,9859.900390625
2020-05-31,147.9905242919922,1607.1363525390625,383.349365234375,191.3723907470703,450.68988037109375,1859.09033203125,321.05792236328125,601.8360595703125,143.71920776367188,243.78155517578125,860.3381958007812,5329.66162109375,76.74185180664062,64.07286834716797,661.3136596679688,148.83419799804688,1714.31103515625,873.0090942382812,3787.431396484375,98.08236694335938,9580.2998046875
2020-06-30,155.8713836669922,1611.290283203125,404.9591369628906,277.3143615722656,504.7735290527344,1983.3656005859375,339.9181213378906,640.9859008789062,141.7529296875,270.9580078125,870.8587646484375,5545.76220703125,75.13407135009766,71.10846710205078,769.5606079101562,164.6587677001953,1815.0655517578125,931.7164306640625,3776.470703125,101.23961639404297,10302.099609375
2020-07-31,174.82533264160156,1639.5245361328125,429.8551940917969,318.4854431152344,489.12152099609375,2019.1649169921875,335.4206237792969,841.3511962890625,148.9537811279297,272.01361083984375,842.9883422851562,5948.9443359375,68.2323989868164,72.51154327392578,937.287841796875,176.65408325195312,1993.2181396484375,1023.3333129882812,4006.08349609375,129.4936065673828,11073.4501953125
2020-08-31,278.87261962890625,1814.9930419921875,494.68450927734375,341.652099609375,528.4530029296875,1934.603271484375,381.6521911621094,808.7771606445312,146.6138153076172,279.1039733886719,879.672607421875,6555.666015625,77.93297576904297,72.77587890625,943.4544067382812,195.6159210205078,1972.119140625,1083.6455078125,3798.3994140625,125.04580688476562,11387.5
2020-09-30,296.38006591796875,1898.4268798828125,422.8843078613281,321.1596374511719,510.8117980957031,1889.740966796875,343.10980224609375,878.1494140625,131.7299346923828,252.5847625732422,839.3172607421875,6463.17724609375,68.79767608642578,67.57903289794922,1013.1241455078125,171.0716552734375,2177.47802734375,1182.95068359375,3940.163330078125,144.51939392089844,11247.5498046875
2020-10-31,338.8768615722656,2116.7841796875,490.4521789550781,324.1374816894531,560.514892578125,1904.7789306640625,379.71783447265625,933.6677856445312,126.78144073486328,308.1924743652344,865.2900390625,6675.66259765625,70.8187484741211,71.13582611083984,931.5745239257812,174.62411499023438,2338.159423828125,1147.8958740234375,4450.4951171875,157.03318786621094,11642.400390625
2020-11-30,397.4346008300781,2120.421630859375,599.0985107421875,480.8480529785156,682.3689575195312,1966.30029296875,457.8182373046875,968.3523559570312,148.57015991210938,379.8331298828125,1065.0931396484375,6743.37548828125,76.55864715576172,80.03819274902344,875.0316162109375,225.37353515625,2351.14453125,1340.3525390625,4672.28759765625,161.55014038085938,12968.9501953125
2020-12-31,478.3879699707031,2646.10009765625,617.8701782226562,518.698486328125,680.2142333984375,2202.822998046875,517.49365234375,1105.50634765625,160.3468475341797,397.4595031738281,1221.858154296875,7331.6650390625,80.31783294677734,81.04270935058594,900.1970825195312,253.70094299316406,2511.7978515625,1543.1484375,5145.30615234375,178.02780151367188,13981.75
2021-01-31,505.4222717285156,2304.246337890625,660.1436767578125,463.77911376953125,658.5238647460938,2081.89501953125,519.3797607421875,1090.760986328125,155.93539428710938,341.1647033691406,1266.553466796875,6907.125,71.9101333618164,78.73756408691406,835.19775390625,260.29840087890625,2735.1162109375,1398.5474853515625,5183.35009765625,193.04872131347656,13634.599609375
2021-02-28,831.6299438476562,2179.67041015625,721.7861938476562,515.7303466796875,726.6732177734375,1960.64453125,578.1363525390625,1103.305419921875,160.24891662597656,354.588623046875,1368.8494873046875,6580.7763671875,89.43186950683594,91.4798583984375,945.7669067382812,359.99786376953125,2544.31201171875,1385.3526611328125,5949.82177734375,189.5379180908203,14529.150390625
2021-03-31,1028.6513671875,2428.72607421875,694.5499877929688,504.4604187011719,707.37451171875,2236.020751953125,562.9998168945312,1204.3221435546875,171.76548767089844,349.141357421875,1346.4544677734375,6574.11669921875,88.80677795410156,93.7589111328125,908.2681274414062,336.1456298828125,2793.574462890625,1534.1878662109375,6555.94482421875,191.31643676757812,14690.7001953125
2021-04-30,1155.8922119140625,2427.768798828125,711.927490234375,534.048095703125,668.8480834960938,2164.521240234375,580.796142578125,1192.2615966796875,159.2663116455078,348.30487060546875,1272.0098876953125,6187.337890625,85.38953399658203,95.67192840576172,904.36865234375,326.1802978515625,2668.56982421875,1468.8048095703125,6109.3427734375,227.62567138671875,14631.099609375
2021-05-31,1313.1104736328125,2849.97705078125,747.57861328125,551.2933349609375,717.8880615234375,2151.922607421875,641.0035400390625,1240.186279296875,170.27188110351562,360.0358581542969,1392.7628173828125,6791.77685546875,92.09901428222656,98.10664367675781,979.5474853515625,391.5548095703125,2790.720458984375,1571.8026123046875,6526.80322265625,249.01393127441406,15582.7998046875
2021-06-30,1503.8970947265625,2878.70703125,745.1885375976562,589.2906494140625,712.4574584960938,2289.064453125,610.1986083984375,1406.6273193359375,163.9521484375,339.7506103515625,1423.9356689453125,7203.521484375,97.01651763916016,101.04138946533203,960.3711547851562,390.3739929199219,2955.55908203125,1705.9659423828125,6592.96630859375,252.06280517578125,15721.5
2021-07-31,1417.72021484375,2845.761474609375,705.952392578125,611.067626953125,678.4730834960938,2161.240966796875,662.038330078125,1433.0548095703125,165.7720184326172,329.58306884765625,1536.8851318359375,6687.69140625,98.51675415039062,99.21529388427734,926.0859985351562,402.1075134277344,2804.15869140625,1692.341064453125,7413.39013671875,271.2337341308594,15763.0498046875
2021-08-31,1584.772216796875,3079.409423828125,783.229736328125,738.263427734375,752.1732177734375,2523.223388671875,697.4924926757812,1518.4329833984375,170.90817260742188,349.4542236328125,1604.7825927734375,6603.3955078125,96.64144134521484,101.65003967285156,1027.4853515625,396.7529296875,3352.1630859375,1896.708984375,7658.068359375,296.08660888671875,17132.19921875
2021-09-30,1465.4849853515625,3121.06005859375,763.3627319335938,752.3527221679688,758.6180419921875,2502.5673828125,679.8381958007812,1490.626220703125,191.0078887939453,399.6296081542969,1634.2928466796875,7077.90478515625,121.53297424316406,112.02729797363281,1146.2890625,421.8497314453125,3342.5126953125,2133.846923828125,7231.43359375,292.9222412109375,17618.150390625
2021-10-31,1421.064208984375,2985.53759765625,738.914794921875,726.0678100585938,752.86279296875,2230.29931640625,778.004150390625,1497.1485595703125,180.53338623046875,404.7408142089844,1695.4248046875,7217.13720703125,113.6506576538086,109.16617584228516,1154.0244140625,467.61993408203125,3013.816162109375,2352.67529296875,7466.041015625,298.7658996582031,17671.650390625
2021-11-30,1659.8880615234375,3027.478271484375,652.923828125,686.5324096679688,710.388427734375,2159.844482421875,692.9334106445312,1537.4556884765625,178.87525939941406,390.9415588378906,1693.6014404296875,6817.23583984375,109.02410888671875,121.96760559082031,1094.48583984375,428.88055419921875,3130.36865234375,2344.729736328125,7268.24462890625,294.3774108886719,16983.19921875
2021-12-31,1706.405029296875,3257.934814453125,675.7286376953125,684.5751342773438,703.6581420898438,2199.545166015625,717.9599609375,1694.6439208984375,176.36785888671875,357.90313720703125,1819.4639892578125,7163.17138671875,106.58231353759766,124.81007385253906,1077.5367431640625,428.7874450683594,3315.929931640625,2489.726806640625,7422.04248046875,330.45562744140625,17354.05078125
2022-01-31,1711.895263671875,3035.76025390625,769.8356323242188,686.8269653320312,706.6546630859375,2119.02490234375,765.1514282226562,1558.5966796875,178.1068572998047,370.08831787109375,1832.2276611328125,8292.513671875,121.70431518554688,131.52684020996094,1085.9317626953125,501.28411865234375,3319.890380859375,2329.7265625,7055.734375,264.9429931640625,17339.849609375
2022-02-28,1641.5208740234375,3057.33203125,739.3131103515625,687.0280151367188,678.3779907226562,2024.2921142578125,720.4335327148438,1540.10400390625,178.78179931640625,367.19891357421875,1743.5050048828125,8019.40185546875,117.71481323242188,131.25892639160156,1073.6236572265625,449.9730224609375,3158.12744140625,2513.56396484375,6421.67236328125,257.1696472167969,16793.900390625
2022-03-31,2011.1611328125,2966.132080078125,757.9851684570312,712.3072509765625,699.3535766601562,1909.2423095703125,708.4052734375,1711.7900390625,207.60549926757812,349.484130859375,1696.3846435546875,7293.240234375,119.03746032714844,136.0599365234375,1198.8427734375,459.6112976074219,3323.177978515625,2503.298583984375,6455.306640625,273.8731994628906,17464.75
2022-04-30,2327.845947265625,3117.57080078125,725.5704956054688,654.60107421875,658.5677490234375,2082.772216796875,721.0155029296875,1407.19873046875,214.97711181640625,356.8370666503906,1626.0396728515625,7444.1923828125,137.73072814941406,142.93194580078125,1269.597412109375,462.1722412109375,3151.463623046875,2426.3583984375,6482.63427734375,237.3825225830078,17102.55078125
2022-05-31,2163.689208984375,2753.972900390625,682.3510131835938,596.7478637695312,668.3179321289062,2193.115234375,730.2791748046875,1364.085205078125,229.63661193847656,368.01593017578125,1587.7962646484375,7683.93115234375,137.5543975830078,146.1639862060547,1197.887451171875,442.7142639160156,3009.57080078125,2187.295654296875,5947.177734375,223.03598022460938,16584.55078125
2022-06-30,2186.997314453125,2610.558349609375,634.1521606445312,531.7973022460938,648.6141357421875,2097.1650390625,685.997802734375,1326.2545166015625,232.0547637939453,331.00213623046875,1495.4266357421875,8170.44921875,126.00334167480469,132.9847412109375,1181.052001953125,440.6335754394531,2922.576171875,1916.1044921875,5482.45849609375,194.10968017578125,15780.25
2022-07-31,2565.680419921875,3229.0546875,722.8350830078125,709.8934936523438,690.0906982421875,2479.6298828125,794.0579223632812,1405.90771484375,257.1268615722656,360.7427062988281,1757.3760986328125,8462.5146484375,134.8650360107422,134.2713165283203,1141.8299560546875,499.6968078613281,2961.503173828125,2329.796630859375,6399.08642578125,197.67881774902344,17158.25
2022-08-31,3189.974365234375,3285.087890625,749.514404296875,719.4600219726562,715.0633544921875,2500.7373046875,865.8633422851562,1354.42333984375,271.9324951171875,381.9154052734375,1868.618408203125,8817.9482421875,147.38226318359375,145.5081024169922,1204.2152099609375,502.4395446777344,2880.108642578125,2580.00634765625,6566.6552734375,192.94326782226562,17759.30078125
2022-09-30,3451.016357421875,3237.481201171875,731.2628173828125,722.3649291992188,683.9078369140625,2535.147705078125,841.1746215820312,1282.300048828125,281.8595886230469,362.72442626953125,1795.914794921875,8571.244140625,143.4730682373047,134.48092651367188,1085.434814453125,501.82476806640625,2694.807373046875,2582.28466796875,6150.94482421875,183.9387969970703,17094.349609375
2022-10-31,3342.8642578125,3014.447265625,903.606201171875,703.4927978515625,720.1636962890625,2398.1162109375,886.746337890625,1410.220947265625,295.8592529296875,379.2237243652344,1966.39892578125,9250.337890625,155.5602264404297,144.5891876220703,1163.8839111328125,542.6820068359375,2871.37646484375,2735.37255859375,6603.1376953125,180.34632873535156,18012.19921875
2022-11-30,3912.53271484375,3079.873291015625,898.8687133789062,661.8245239257812,773.9342651367188,2540.705078125,929.8785400390625,1499.4573974609375,288.4775695800781,388.2160339355469,2016.69873046875,8712.9951171875,154.75137329101562,145.3544921875,1246.85205078125,569.7783203125,3049.109130859375,2627.89892578125,6959.15869140625,189.8406982421875,18758.349609375
2022-12-31,3853.064453125,2995.2412109375,931.2828369140625,647.4722290039062,783.4132080078125,2424.003173828125,869.3275146484375,1383.21142578125,281.30804443359375,364.32952880859375,2027.341796875,8150.3095703125,149.5840301513672,138.67076110839844,1162.7880859375,580.418212890625,2928.522216796875,2572.924072265625,6843.17236328125,183.23895263671875,18105.30078125
2023-01-31,2969.826171875,2644.0556640625,869.2970581054688,579.6448364257812,771.5525512695312,2438.86279296875,811.8018188476562,1406.644287109375,298.9560546875,345.1385498046875,2064.859619140625,8636.4384765625,153.8077850341797,140.5850372314453,1074.524658203125,523.48291015625,3088.8955078125,2354.65869140625,6967.56640625,186.54327392578125,17662.150390625
2023-02-28,1361.9818115234375,2743.916259765625,841.8697509765625,601.8699340820312,769.6759033203125,2328.975341796875,834.1973266601562,1364.27294921875,324.85406494140625,344.78961181640625,2050.037109375,8373.373046875,157.2273406982422,147.62271118164062,1060.2362060546875,494.4478454589844,3046.729248046875,2350.35009765625,7140.3896484375,181.02439880371094,17303.94921875
2023-03-31,1748.052001953125,2678.781494140625,856.231689453125,553.0918579101562,774.4635620117188,2423.3408203125,856.0560913085938,1309.612060546875,330.7181701660156,345.5074157714844,2103.544189453125,8050.8408203125,161.46923828125,149.9142303466797,1064.116455078125,495.3462829589844,2948.36962890625,2491.10546875,7495.2314453125,170.82847595214844,17359.75
2023-04-30,1922.31298828125,2815.259033203125,857.7277221679688,618.4131469726562,812.0186767578125,2325.804931640625,895.4801025390625,1148.931396484375,366.9807434082031,386.4215393066406,2298.133056640625,8339.5859375,158.61058044433594,157.58596801757812,1104.949951171875,546.9379272460938,2960.6474609375,2616.854736328125,7430.3798828125,180.06561279296875,18065.0
2023-05-31,2489.9345703125,3097.13916015625,912.4328002929688,688.3035888671875,783.9777221679688,2524.80419921875,926.2191162109375,1209.049072265625,392.81439208984375,401.634765625,2143.83251953125,9095.091796875,160.3165740966797,155.32762145996094,1127.5009765625,559.0607299804688,3025.25439453125,2796.538330078125,7739.00341796875,188.7882537841797,18534.400390625
2023-06-30,2384.77880859375,3282.88232421875,984.8409423828125,708.11376953125,828.047119140625,2555.53955078125,912.0205688476562,1241.2862548828125,398.19305419921875,368.17767333984375,2406.16845703125,9504.1796875,174.42550659179688,169.4755096435547,1164.180419921875,552.3117065429688,3059.566162109375,3018.81494140625,8156.6318359375,182.00657653808594,19189.05078125
2023-07-31,2489.991455078125,3297.822265625,952.3505249023438,721.9288330078125,803.6154174804688,2443.561767578125,974.1817016601562,1260.0611572265625,410.6255187988281,370.1715393066406,2606.2001953125,9534.95703125,201.35244750976562,176.7154998779297,1260.8065185546875,597.9641723632812,3178.249755859375,2985.2685546875,8217.0263671875,189.4430389404297,19753.80078125
2023-08-31,2417.106201171875,3179.427001953125,971.918701171875,708.3511962890625,764.8023071289062,2390.36474609375,943.2882690429688,1334.1851806640625,387.7003479003906,350.96026611328125,2656.841552734375,9804.0810546875,205.9932098388672,165.60731506347656,1194.65771484375,541.2240600585938,3118.195068359375,3085.04052734375,8196.578125,191.0098419189453,19253.80078125
2023-09-30,2411.760986328125,3086.615478515625,1035.015869140625,772.4073486328125,742.8284301757812,2352.720458984375,936.5487670898438,1334.1851806640625,391.844482421875,346.3606262207031,2972.24755859375,10398.7666015625,229.60345458984375,180.3588409423828,1163.8856201171875,577.09033203125,3277.783447265625,3129.113525390625,8154.49609375,189.91075134277344,19638.30078125
2023-10-31,2292.61669921875,2925.158935546875,980.2550659179688,740.9503784179688,718.5914916992188,2370.27783203125,900.5881958007812,1288.3280029296875,377.7366943359375,347.0989685058594,2879.35107421875,10184.8251953125,220.4866180419922,182.5258331298828,1135.5452880859375,545.2734985351562,3137.392822265625,3169.7080078125,8319.861328125,178.56895446777344,19079.599609375
2023-11-30,2356.4599609375,3051.752197265625,1072.5048828125,704.2867431640625,758.645751953125,2446.8251953125,919.8721313476562,1370.001708984375,384.26153564453125,350.3017578125,3056.444091796875,10396.9052734375,246.69000244140625,192.3264617919922,1179.9913330078125,544.502197265625,3248.08056640625,3468.7763671875,8894.193359375,193.18466186523438,20133.150390625
2023-12-31,2846.42529296875,3328.08154296875,1100.5093994140625,724.6434326171875,831.8676147460938,2560.633056640625,980.5278930664062,1452.616943359375,407.4512634277344,380.76318359375,3466.172119140625,10096.6708984375,293.75274658203125,218.32896423339844,1282.9791259765625,619.03076171875,3532.87841796875,3652.470458984375,10375.365234375,220.4283447265625,21731.400390625
2024-01-31,3139.2158203125,2893.2421875,1066.0155029296875,678.6741333007812,711.80224609375,2385.307373046875,1011.569091796875,1563.7122802734375,389.33154296875,364.2303771972656,3420.706787109375,9983.5263671875,299.74774169921875,238.6707305908203,1416.1434326171875,617.5363159179688,3578.638427734375,3674.4326171875,10043.7451171875,224.1090545654297,21725.69921875
2024-02-29,3282.48876953125,2760.261474609375,1073.3536376953125,642.3270263671875,683.0148315429688,2318.742919921875,1035.231201171875,1575.9515380859375,363.7175598144531,337.1313781738281,3418.544189453125,11062.9853515625,319.9293212890625,264.6999816894531,1450.0675048828125,721.2785034179688,3840.4287109375,3601.73974609375,9772.1396484375,243.06796264648438,21982.80078125
2024-03-31,3194.26708984375,2784.56884765625,1045.4989013671875,716.4849853515625,704.6723022460938,2176.53125,1075.66845703125,1410.391357421875,383.4566650390625,356.2982482910156,3700.035400390625,12348.7919921875,320.1199951171875,259.13177490234375,1474.933349609375,725.3761596679688,3635.235595703125,3778.031005859375,9630.6298828125,225.02304077148438,22326.900390625
2024-04-30,3051.9931640625,2813.08203125,1164.006103515625,684.671875,739.8109741210938,2143.945556640625,1131.8475341796875,1337.42626953125,389.9915466308594,324.060791015625,3533.313232421875,12561.6083984375,346.2405700683594,282.48077392578125,1456.221923828125,796.626708984375,3583.046142578125,3566.8095703125,9850.6220703125,216.72702026367188,22604.849609375
2024-05-31,3408.3271484375,2818.26611328125,1160.2623291015625,662.3375244140625,755.5620727539062,2238.7216796875,1102.970947265625,1351.0770263671875,381.7557373046875,335.3254089355469,3607.040771484375,12151.7568359375,342.2366943359375,290.1078186035156,1419.8907470703125,814.005126953125,3467.677978515625,3221.63134765625,9794.9580078125,205.38449096679688,22530.69921875
2024-06-30,3175.57568359375,2880.94091796875,1263.1947021484375,707.1912841796875,830.671875,2400.29638671875,1180.2540283203125,1504.5843505859375,387.3793640136719,359.69061279296875,3515.66162109375,11793.6025390625,360.68316650390625,309.7134704589844,1553.89892578125,832.239013671875,3687.96484375,3393.98583984375,11526.0546875,241.3103485107422,24010.599609375
2024-07-31,3167.82958984375,3046.2685546875,1165.104248046875,676.5205078125,797.1006469726562,2626.0537109375,1195.3074951171875,1794.121337890625,451.6082763671875,361.16357421875,3779.748779296875,12853.9521484375,396.5750427246094,325.8565673828125,1494.364501953125,855.2274169921875,4152.140625,3448.571533203125,11812.3251953125,244.66156005859375,24951.150390625
2024-08-31,3017.85400390625,3088.09423828125,1174.2464599609375,715.599365234375,807.5346069335938,2696.275390625,1219.7879638671875,1866.5777587890625,457.57989501953125,355.7498474121094,3670.41845703125,12270.1953125,399.8974914550781,318.3748474121094,1503.6197509765625,799.5454711914062,4311.58544921875,3554.452880859375,11230.7119140625,252.34823608398438,25235.900390625
2024-09-30,3134.29638671875,3287.89013671875,1231.1478271484375,765.5759887695312,854.47509765625,2871.271240234375,1263.252685546875,1801.179931640625,472.39495849609375,370.3630065917969,3641.58740234375,13096.25390625,425.83990478515625,332.9537048339844,1470.701171875,772.3907470703125,4041.505126953125,3812.476318359375,11727.662109375,253.77780151367188,25810.849609375
2024-10-31,2945.78955078125,2899.310302734375,1158.5599365234375,684.749755859375,856.2756958007812,2453.87255859375,1282.355224609375,1706.7401123046875,445.6366882324219,345.8212890625,3588.829345703125,10957.849609375,394.57757568359375,302.71087646484375,1326.7510986328125,804.054931640625,3766.577880859375,3257.24755859375,10995.9501953125,258.62884521484375,24205.349609375
2024-11-30,2461.929443359375,2453.103271484375,1135.3297119140625,653.5572509765625,886.04833984375,2450.906494140625,1290.1451416015625,1804.448486328125,434.6507873535156,352.6434020996094,3690.38232421875,10955.623046875,351.5573425292969,315.28759765625,1287.0595703125,822.4358520507812,4053.594970703125,3239.25146484375,11131.5908203125,270.8384704589844,24131.099609375
2024-12-31,2591.065673828125,2263.798095703125,1069.036376953125,684.6006469726562,877.0943603515625,2301.0234375,1284.7369384765625,1851.214599609375,434.8786926269531,347.73907470703125,3545.8798828125,10683.3203125,320.3797912597656,294.3736877441406,1205.8837890625,772.7828369140625,3947.24462890625,3247.57666015625,11217.2470703125,284.6885681152344,23644.900390625
