Date,USD_INR,,,,,
01-04-2015,62.142,,,,,
02-04-2015,62.067,,,,,
03-04-2015,61.96,,,,,
06-04-2015,62.207,,,,,
07-04-2015,62.296,,,,,
08-04-2015,62.192,,,,,
09-04-2015,62.306,,,,,
10-04-2015,62.276,,,,,
13-04-2015,62.407,,,,,
14-04-2015,62.268,,,,,
15-04-2015,62.36,,,,,
16-04-2015,62.317,,,,,
17-04-2015,62.55,,,,,
20-04-2015,63.137,,,,,
21-04-2015,62.854,,,,,
22-04-2015,62.98,,,,,
23-04-2015,63.277,,,,,
24-04-2015,63.662,,,,,
27-04-2015,63.346,,,,,
28-04-2015,63.053,,,,,
29-04-2015,63.46,,,,,
30-04-2015,63.529,,,,,
01-05-2015,63.719,,,,,
04-05-2015,63.516,,,,,
05-05-2015,63.369,,,,,
06-05-2015,63.621,,,,,
07-05-2015,64.073,,,,,
08-05-2015,63.711,,,,,
11-05-2015,64.007,,,,,
12-05-2015,64.147,,,,,
13-05-2015,64.013,,,,,
14-05-2015,63.383,,,,,
15-05-2015,63.44,,,,,
18-05-2015,63.708,,,,,
19-05-2015,63.763,,,,,
20-05-2015,63.598,,,,,
21-05-2015,63.58,,,,,
22-05-2015,63.49,,,,,
25-05-2015,63.496,,,,,
26-05-2015,63.972,,,,,
27-05-2015,63.826,,,,,
28-05-2015,63.763,,,,,
29-05-2015,63.743,,,,,
01-06-2015,63.594,,,,,
02-06-2015,63.689,,,,,
03-06-2015,63.997,,,,,
04-06-2015,63.964,,,,,
05-06-2015,63.77,,,,,
08-06-2015,63.947,,,,,
09-06-2015,64.01,,,,,
10-06-2015,63.766,,,,,
11-06-2015,63.959,,,,,
12-06-2015,64.1,,,,,
15-06-2015,64.085,,,,,
16-06-2015,64.166,,,,,
17-06-2015,64.011,,,,,
18-06-2015,63.577,,,,,
19-06-2015,63.5,,,,,
22-06-2015,63.523,,,,,
23-06-2015,63.607,,,,,
24-06-2015,63.526,,,,,
25-06-2015,63.518,,,,,
26-06-2015,63.452,,,,,
29-06-2015,63.707,,,,,
30-06-2015,63.604,,,,,
01-07-2015,63.55,,,,,
02-07-2015,63.299,,,,,
03-07-2015,63.411,,,,,
06-07-2015,63.264,,,,,
07-07-2015,63.476,,,,,
08-07-2015,63.459,,,,,
09-07-2015,63.318,,,,,
10-07-2015,63.358,,,,,
13-07-2015,63.45,,,,,
14-07-2015,63.281,,,,,
15-07-2015,63.507,,,,,
16-07-2015,63.463,,,,,
17-07-2015,63.492,,,,,
20-07-2015,63.6,,,,,
21-07-2015,63.583,,,,,
22-07-2015,63.571,,,,,
23-07-2015,63.921,,,,,
24-07-2015,64.106,,,,,
27-07-2015,64.202,,,,,
28-07-2015,63.799,,,,,
29-07-2015,63.821,,,,,
30-07-2015,64.138,,,,,
31-07-2015,63.988,,,,,
03-08-2015,64.177,,,,,
04-08-2015,63.798,,,,,
05-08-2015,63.692,,,,,
06-08-2015,63.722,,,,,
07-08-2015,63.739,,,,,
10-08-2015,63.773,,,,,
11-08-2015,64.332,,,,,
12-08-2015,64.855,,,,,
13-08-2015,65.203,,,,,
14-08-2015,65.129,,,,,
17-08-2015,65.436,,,,,
18-08-2015,65.454,,,,,
19-08-2015,65.109,,,,,
20-08-2015,65.433,,,,,
21-08-2015,66.034,,,,,
24-08-2015,66.814,,,,,
25-08-2015,66.28,,,,,
26-08-2015,66.004,,,,,
27-08-2015,65.968,,,,,
28-08-2015,66.15,,,,,
31-08-2015,66.412,,,,,
01-09-2015,66.383,,,,,
02-09-2015,66.202,,,,,
03-09-2015,66.1,,,,,
04-09-2015,66.685,,,,,
07-09-2015,66.886,,,,,
08-09-2015,66.294,,,,,
09-09-2015,66.619,,,,,
10-09-2015,66.299,,,,,
11-09-2015,66.241,,,,,
14-09-2015,66.261,,,,,
15-09-2015,66.447,,,,,
16-09-2015,66.219,,,,,
17-09-2015,66.071,,,,,
18-09-2015,65.868,,,,,
21-09-2015,65.691,,,,,
22-09-2015,65.91,,,,,
23-09-2015,66.184,,,,,
24-09-2015,66.11,,,,,
25-09-2015,66.17,,,,,
28-09-2015,66.267,,,,,
29-09-2015,65.837,,,,,
30-09-2015,65.517,,,,,
01-10-2015,65.631,,,,,
02-10-2015,65.364,,,,,
05-10-2015,65.134,,,,,
06-10-2015,65.129,,,,,
07-10-2015,64.907,,,,,
08-10-2015,64.819,,,,,
09-10-2015,64.78,,,,,
12-10-2015,64.795,,,,,
13-10-2015,65.098,,,,,
14-10-2015,64.736,,,,,
15-10-2015,64.779,,,,,
16-10-2015,64.703,,,,,
19-10-2015,64.919,,,,,
20-10-2015,65.024,,,,,
21-10-2015,65.146,,,,,
22-10-2015,64.86,,,,,
23-10-2015,64.892,,,,,
26-10-2015,64.921,,,,,
27-10-2015,65.112,,,,,
28-10-2015,64.954,,,,,
29-10-2015,65.449,,,,,
30-10-2015,65.423,,,,,
02-11-2015,65.561,,,,,
03-11-2015,65.569,,,,,
04-11-2015,65.609,,,,,
05-11-2015,65.86,,,,,
06-11-2015,66.14,,,,,
09-11-2015,66.475,,,,,
10-11-2015,66.2,,,,,
11-11-2015,66.07,,,,,
12-11-2015,66.055,,,,,
13-11-2015,66.059,,,,,
16-11-2015,65.886,,,,,
17-11-2015,65.981,,,,,
18-11-2015,66.033,,,,,
19-11-2015,66.09,,,,,
20-11-2015,66.058,,,,,
23-11-2015,66.395,,,,,
24-11-2015,66.262,,,,,
25-11-2015,66.368,,,,,
26-11-2015,66.565,,,,,
27-11-2015,66.907,,,,,
30-11-2015,66.462,,,,,
01-12-2015,66.434,,,,,
02-12-2015,66.591,,,,,
03-12-2015,66.79,,,,,
04-12-2015,66.643,,,,,
07-12-2015,66.773,,,,,
08-12-2015,66.857,,,,,
09-12-2015,66.855,,,,,
10-12-2015,66.756,,,,,
11-12-2015,67.148,,,,,
14-12-2015,67.093,,,,,
15-12-2015,66.863,,,,,
16-12-2015,66.476,,,,,
17-12-2015,66.421,,,,,
18-12-2015,66.255,,,,,
21-12-2015,66.251,,,,,
22-12-2015,66.244,,,,,
23-12-2015,66.037,,,,,
24-12-2015,65.947,,,,,
25-12-2015,66.025,,,,,
28-12-2015,66.137,,,,,
29-12-2015,66.235,,,,,
30-12-2015,66.475,,,,,
31-12-2015,66.208,,,,,
01-01-2016,66.235,,,,,
04-01-2016,66.579,,,,,
05-01-2016,66.481,,,,,
06-01-2016,66.698,,,,,
07-01-2016,66.891,,,,,
08-01-2016,66.847,,,,,
11-01-2016,66.76,,,,,
12-01-2016,66.946,,,,,
13-01-2016,66.917,,,,,
14-01-2016,67.316,,,,,
15-01-2016,67.775,,,,,
18-01-2016,67.661,,,,,
19-01-2016,67.734,,,,,
20-01-2016,67.958,,,,,
21-01-2016,67.799,,,,,
22-01-2016,67.549,,,,,
25-01-2016,67.755,,,,,
26-01-2016,67.739,,,,,
27-01-2016,68.144,,,,,
28-01-2016,68.053,,,,,
29-01-2016,67.878,,,,,
01-02-2016,67.835,,,,,
02-02-2016,67.975,,,,,
03-02-2016,67.934,,,,,
04-02-2016,67.544,,,,,
05-02-2016,67.81,,,,,
08-02-2016,68.034,,,,,
09-02-2016,67.901,,,,,
10-02-2016,67.861,,,,,
11-02-2016,68.471,,,,,
12-02-2016,68.118,,,,,
15-02-2016,68.131,,,,,
16-02-2016,68.474,,,,,
17-02-2016,68.329,,,,,
18-02-2016,68.542,,,,,
19-02-2016,68.545,,,,,
22-02-2016,68.533,,,,,
23-02-2016,68.561,,,,,
24-02-2016,68.431,,,,,
25-02-2016,68.768,,,,,
26-02-2016,68.737,,,,,
29-02-2016,68.208,,,,,
01-03-2016,67.753,,,,,
02-03-2016,67.395,,,,,
03-03-2016,67.122,,,,,
04-03-2016,66.938,,,,,
07-03-2016,66.989,,,,,
08-03-2016,67.313,,,,,
09-03-2016,67.128,,,,,
10-03-2016,67.302,,,,,
11-03-2016,66.921,,,,,
14-03-2016,67.138,,,,,
15-03-2016,67.372,,,,,
16-03-2016,67.173,,,,,
17-03-2016,66.619,,,,,
18-03-2016,66.384,,,,,
21-03-2016,66.5,,,,,
22-03-2016,66.755,,,,,
23-03-2016,66.93,,,,,
24-03-2016,66.916,,,,,
25-03-2016,66.829,,,,,
28-03-2016,66.608,,,,,
29-03-2016,66.375,,,,,
30-03-2016,66.375,,,,,
31-03-2016,66.255,,,,,
01-04-2016,66.365,,,,,
04-04-2016,66.106,,,,,
05-04-2016,66.422,,,,,
06-04-2016,66.517,,,,,
07-04-2016,66.757,,,,,
08-04-2016,66.551,,,,,
11-04-2016,66.287,,,,,
12-04-2016,66.283,,,,,
13-04-2016,66.496,,,,,
14-04-2016,66.597,,,,,
15-04-2016,66.66,,,,,
18-04-2016,66.416,,,,,
19-04-2016,66.15,,,,,
20-04-2016,66.166,,,,,
21-04-2016,66.489,,,,,
22-04-2016,66.66,,,,,
25-04-2016,66.685,,,,,
26-04-2016,66.404,,,,,
27-04-2016,66.362,,,,,
28-04-2016,66.401,,,,,
29-04-2016,66.425,,,,,
02-05-2016,66.346,,,,,
03-05-2016,66.558,,,,,
04-05-2016,66.627,,,,,
05-05-2016,66.558,,,,,
06-05-2016,66.6,,,,,
09-05-2016,66.752,,,,,
10-05-2016,66.631,,,,,
11-05-2016,66.561,,,,,
12-05-2016,66.757,,,,,
13-05-2016,66.855,,,,,
16-05-2016,66.844,,,,,
17-05-2016,66.825,,,,,
18-05-2016,67.14,,,,,
19-05-2016,67.436,,,,,
20-05-2016,67.408,,,,,
23-05-2016,67.409,,,,,
24-05-2016,67.63,,,,,
25-05-2016,67.273,,,,,
26-05-2016,66.927,,,,,
27-05-2016,67.031,,,,,
30-05-2016,67.171,,,,,
31-05-2016,67.209,,,,,
01-06-2016,67.434,,,,,
02-06-2016,67.268,,,,,
03-06-2016,67,,,,,
06-06-2016,66.79,,,,,
07-06-2016,66.658,,,,,
08-06-2016,66.5,,,,,
09-06-2016,66.753,,,,,
10-06-2016,66.952,,,,,
13-06-2016,67.187,,,,,
14-06-2016,67.292,,,,,
15-06-2016,67.079,,,,,
16-06-2016,67.315,,,,,
17-06-2016,67.074,,,,,
20-06-2016,67.551,,,,,
21-06-2016,67.624,,,,,
22-06-2016,67.449,,,,,
23-06-2016,67.279,,,,,
24-06-2016,67.885,,,,,
27-06-2016,67.914,,,,,
28-06-2016,67.715,,,,,
29-06-2016,67.422,,,,,
30-06-2016,67.504,,,,,
01-07-2016,67.19,,,,,
04-07-2016,67.265,,,,,
05-07-2016,67.434,,,,,
06-07-2016,67.411,,,,,
07-07-2016,67.495,,,,,
08-07-2016,67.139,,,,,
11-07-2016,67.138,,,,,
12-07-2016,66.975,,,,,
13-07-2016,67.016,,,,,
14-07-2016,66.843,,,,,
15-07-2016,67.141,,,,,
18-07-2016,67.137,,,,,
19-07-2016,67.204,,,,,
20-07-2016,67.163,,,,,
21-07-2016,67.153,,,,,
22-07-2016,67.154,,,,,
25-07-2016,67.412,,,,,
26-07-2016,67.321,,,,,
27-07-2016,67.072,,,,,
28-07-2016,67.014,,,,,
29-07-2016,66.655,,,,,
01-08-2016,66.764,,,,,
02-08-2016,66.682,,,,,
03-08-2016,66.767,,,,,
04-08-2016,66.84,,,,,
05-08-2016,66.842,,,,,
08-08-2016,66.81,,,,,
09-08-2016,66.774,,,,,
10-08-2016,66.765,,,,,
11-08-2016,66.75,,,,,
12-08-2016,66.908,,,,,
15-08-2016,66.853,,,,,
16-08-2016,66.87,,,,,
17-08-2016,66.893,,,,,
18-08-2016,66.83,,,,,
19-08-2016,67.137,,,,,
22-08-2016,67.202,,,,,
23-08-2016,67.122,,,,,
24-08-2016,67.167,,,,,
25-08-2016,67.016,,,,,
26-08-2016,67.136,,,,,
29-08-2016,67.113,,,,,
30-08-2016,67.144,,,,,
31-08-2016,66.973,,,,,
01-09-2016,66.801,,,,,
02-09-2016,66.795,,,,,
05-09-2016,66.47,,,,,
06-09-2016,66.28,,,,,
07-09-2016,66.478,,,,,
08-09-2016,66.631,,,,,
09-09-2016,66.895,,,,,
12-09-2016,66.738,,,,,
13-09-2016,67.14,,,,,
14-09-2016,66.798,,,,,
15-09-2016,66.86,,,,,
16-09-2016,67.075,,,,,
19-09-2016,66.98,,,,,
20-09-2016,66.985,,,,,
21-09-2016,66.744,,,,,
22-09-2016,66.633,,,,,
23-09-2016,66.707,,,,,
26-09-2016,66.613,,,,,
27-09-2016,66.425,,,,,
28-09-2016,66.349,,,,,
29-09-2016,66.812,,,,,
30-09-2016,66.556,,,,,
03-10-2016,66.546,,,,,
04-10-2016,66.609,,,,,
05-10-2016,66.572,,,,,
06-10-2016,66.697,,,,,
07-10-2016,66.602,,,,,
10-10-2016,66.492,,,,,
11-10-2016,66.834,,,,,
12-10-2016,66.812,,,,,
13-10-2016,66.794,,,,,
14-10-2016,66.717,,,,,
17-10-2016,66.789,,,,,
18-10-2016,66.733,,,,,
19-10-2016,66.645,,,,,
20-10-2016,66.83,,,,,
21-10-2016,66.926,,,,,
24-10-2016,66.845,,,,,
25-10-2016,66.806,,,,,
26-10-2016,66.863,,,,,
27-10-2016,66.881,,,,,
28-10-2016,66.778,,,,,
31-10-2016,66.686,,,,,
01-11-2016,66.696,,,,,
02-11-2016,66.762,,,,,
03-11-2016,66.668,,,,,
04-11-2016,66.796,,,,,
07-11-2016,66.745,,,,,
08-11-2016,66.246,,,,,
09-11-2016,66.515,,,,,
10-11-2016,66.865,,,,,
11-11-2016,67.565,,,,,
14-11-2016,67.785,,,,,
15-11-2016,67.786,,,,,
16-11-2016,67.999,,,,,
17-11-2016,68.023,,,,,
18-11-2016,68.191,,,,,
21-11-2016,68.228,,,,,
22-11-2016,68.396,,,,,
23-11-2016,68.784,,,,,
24-11-2016,68.761,,,,,
25-11-2016,68.519,,,,,
28-11-2016,68.579,,,,,
29-11-2016,68.615,,,,,
30-11-2016,68.598,,,,,
01-12-2016,68.236,,,,,
02-12-2016,68.031,,,,,
05-12-2016,68.025,,,,,
06-12-2016,67.742,,,,,
07-12-2016,67.438,,,,,
08-12-2016,67.546,,,,,
09-12-2016,67.47,,,,,
12-12-2016,67.431,,,,,
13-12-2016,67.411,,,,,
14-12-2016,67.475,,,,,
15-12-2016,67.857,,,,,
16-12-2016,67.855,,,,,
19-12-2016,67.844,,,,,
20-12-2016,67.917,,,,,
21-12-2016,67.837,,,,,
22-12-2016,67.848,,,,,
23-12-2016,67.837,,,,,
26-12-2016,67.76,,,,,
27-12-2016,67.978,,,,,
28-12-2016,68.233,,,,,
29-12-2016,67.935,,,,,
30-12-2016,67.955,,,,,
02-01-2017,68.145,,,,,
03-01-2017,68.26,,,,,
04-01-2017,67.886,,,,,
05-01-2017,67.743,,,,,
06-01-2017,68.115,,,,,
09-01-2017,68.1,,,,,
10-01-2017,68.327,,,,,
11-01-2017,68.312,,,,,
12-01-2017,68.141,,,,,
13-01-2017,68.18,,,,,
16-01-2017,68.103,,,,,
17-01-2017,67.862,,,,,
18-01-2017,68.22,,,,,
19-01-2017,68.1,,,,,
20-01-2017,68.075,,,,,
23-01-2017,68.051,,,,,
24-01-2017,68.138,,,,,
25-01-2017,67.988,,,,,
26-01-2017,68.176,,,,,
27-01-2017,68.105,,,,,
30-01-2017,67.829,,,,,
31-01-2017,67.515,,,,,
01-02-2017,67.415,,,,,
02-02-2017,67.21,,,,,
03-02-2017,67.184,,,,,
06-02-2017,67.195,,,,,
07-02-2017,67.35,,,,,
08-02-2017,67.05,,,,,
09-02-2017,66.765,,,,,
10-02-2017,66.854,,,,,
13-02-2017,66.975,,,,,
14-02-2017,66.835,,,,,
15-02-2017,66.875,,,,,
16-02-2017,67.08,,,,,
17-02-2017,67.08,,,,,
20-02-2017,66.905,,,,,
21-02-2017,66.985,,,,,
22-02-2017,66.95,,,,,
23-02-2017,66.69,,,,,
24-02-2017,66.645,,,,,
27-02-2017,66.7,,,,,
28-02-2017,66.725,,,,,
01-03-2017,66.865,,,,,
02-03-2017,66.785,,,,,
03-03-2017,66.78,,,,,
06-03-2017,66.675,,,,,
07-03-2017,66.625,,,,,
08-03-2017,66.765,,,,,
09-03-2017,66.69,,,,,
10-03-2017,66.555,,,,,
13-03-2017,66.18,,,,,
14-03-2017,65.775,,,,,
15-03-2017,65.63,,,,,
16-03-2017,65.385,,,,,
17-03-2017,65.475,,,,,
20-03-2017,65.345,,,,,
21-03-2017,65.345,,,,,
22-03-2017,65.455,,,,,
23-03-2017,65.455,,,,,
24-03-2017,65.425,,,,,
27-03-2017,64.995,,,,,
28-03-2017,65.045,,,,,
29-03-2017,64.875,,,,,
30-03-2017,64.86,,,,,
31-03-2017,64.86,,,,,
03-04-2017,64.985,,,,,
04-04-2017,65.08,,,,,
05-04-2017,64.875,,,,,
06-04-2017,64.606,,,,,
07-04-2017,64.27,,,,,
10-04-2017,64.605,,,,,
11-04-2017,64.555,,,,,
12-04-2017,64.69,,,,,
13-04-2017,64.445,,,,,
14-04-2017,64.48,,,,,
17-04-2017,64.48,,,,,
18-04-2017,64.605,,,,,
19-04-2017,64.665,,,,,
20-04-2017,64.62,,,,,
21-04-2017,64.65,,,,,
24-04-2017,64.49,,,,,
25-04-2017,64.33,,,,,
26-04-2017,64.13,,,,,
27-04-2017,64.115,,,,,
28-04-2017,64.29,,,,,
01-05-2017,64.255,,,,,
02-05-2017,64.165,,,,,
03-05-2017,64.165,,,,,
04-05-2017,64.215,,,,,
05-05-2017,64.315,,,,,
08-05-2017,64.36,,,,,
09-05-2017,64.68,,,,,
10-05-2017,64.615,,,,,
11-05-2017,64.405,,,,,
12-05-2017,64.243,,,,,
15-05-2017,64.065,,,,,
16-05-2017,64.045,,,,,
17-05-2017,64.13,,,,,
18-05-2017,64.88,,,,,
19-05-2017,64.565,,,,,
22-05-2017,64.51,,,,,
23-05-2017,64.895,,,,,
24-05-2017,64.77,,,,,
25-05-2017,64.555,,,,,
26-05-2017,64.51,,,,,
29-05-2017,64.54,,,,,
30-05-2017,64.635,,,,,
31-05-2017,64.51,,,,,
01-06-2017,64.478,,,,,
02-06-2017,64.415,,,,,
05-06-2017,64.35,,,,,
06-06-2017,64.43,,,,,
07-06-2017,64.435,,,,,
08-06-2017,64.25,,,,,
09-06-2017,64.245,,,,,
12-06-2017,64.48,,,,,
13-06-2017,64.345,,,,,
14-06-2017,64.235,,,,,
15-06-2017,64.565,,,,,
16-06-2017,64.465,,,,,
19-06-2017,64.495,,,,,
20-06-2017,64.54,,,,,
21-06-2017,64.53,,,,,
22-06-2017,64.605,,,,,
23-06-2017,64.505,,,,,
26-06-2017,64.435,,,,,
27-06-2017,64.475,,,,,
28-06-2017,64.525,,,,,
29-06-2017,64.66,,,,,
30-06-2017,64.62,,,,,
03-07-2017,64.845,,,,,
04-07-2017,64.79,,,,,
05-07-2017,64.8,,,,,
06-07-2017,64.725,,,,,
07-07-2017,64.625,,,,,
10-07-2017,64.475,,,,,
11-07-2017,64.565,,,,,
12-07-2017,64.475,,,,,
13-07-2017,64.46,,,,,
14-07-2017,64.424,,,,,
17-07-2017,64.345,,,,,
18-07-2017,64.316,,,,,
19-07-2017,64.27,,,,,
20-07-2017,64.375,,,,,
21-07-2017,64.385,,,,,
24-07-2017,64.395,,,,,
25-07-2017,64.385,,,,,
26-07-2017,64.355,,,,,
27-07-2017,64.125,,,,,
28-07-2017,64.115,,,,,
31-07-2017,64.2,,,,,
01-08-2017,64.095,,,,,
02-08-2017,63.635,,,,,
03-08-2017,63.705,,,,,
04-08-2017,63.675,,,,,
07-08-2017,63.84,,,,,
08-08-2017,63.692,,,,,
09-08-2017,63.86,,,,,
10-08-2017,64.095,,,,,
11-08-2017,64.14,,,,,
14-08-2017,64.09,,,,,
15-08-2017,64.12,,,,,
16-08-2017,64.17,,,,,
17-08-2017,64.17,,,,,
18-08-2017,64.095,,,,,
21-08-2017,64.11,,,,,
22-08-2017,64.072,,,,,
23-08-2017,64.045,,,,,
24-08-2017,64.045,,,,,
25-08-2017,64.005,,,,,
28-08-2017,63.905,,,,,
29-08-2017,64.015,,,,,
30-08-2017,63.99,,,,,
31-08-2017,63.935,,,,,
01-09-2017,64.025,,,,,
04-09-2017,64.04,,,,,
05-09-2017,64.105,,,,,
06-09-2017,64.06,,,,,
07-09-2017,64.015,,,,,
08-09-2017,63.785,,,,,
11-09-2017,63.935,,,,,
12-09-2017,64.031,,,,,
13-09-2017,64.01,,,,,
14-09-2017,64.123,,,,,
15-09-2017,64.11,,,,,
18-09-2017,64.158,,,,,
19-09-2017,64.3,,,,,
20-09-2017,64.293,,,,,
21-09-2017,64.81,,,,,
22-09-2017,64.795,,,,,
25-09-2017,65.127,,,,,
26-09-2017,65.46,,,,,
27-09-2017,65.715,,,,,
28-09-2017,65.47,,,,,
29-09-2017,65.31,,,,,
02-10-2017,65.31,,,,,
03-10-2017,65.485,,,,,
04-10-2017,65.03,,,,,
05-10-2017,65.145,,,,,
06-10-2017,65.4,,,,,
09-10-2017,65.355,,,,,
10-10-2017,65.25,,,,,
11-10-2017,65.16,,,,,
12-10-2017,65.06,,,,,
13-10-2017,64.7,,,,,
16-10-2017,64.7,,,,,
17-10-2017,65.03,,,,,
18-10-2017,65.055,,,,,
19-10-2017,64.995,,,,,
20-10-2017,65.04,,,,,
23-10-2017,65.023,,,,,
24-10-2017,65.09,,,,,
25-10-2017,64.925,,,,,
26-10-2017,64.84,,,,,
27-10-2017,65.04,,,,,
30-10-2017,64.86,,,,,
31-10-2017,64.75,,,,,
01-11-2017,64.565,,,,,
02-11-2017,64.575,,,,,
03-11-2017,64.56,,,,,
06-11-2017,64.625,,,,,
07-11-2017,65.06,,,,,
08-11-2017,64.92,,,,,
09-11-2017,64.975,,,,,
10-11-2017,65.19,,,,,
13-11-2017,65.44,,,,,
14-11-2017,65.41,,,,,
15-11-2017,65.27,,,,,
16-11-2017,65.295,,,,,
17-11-2017,65.015,,,,,
20-11-2017,65.1,,,,,
21-11-2017,64.88,,,,,
22-11-2017,64.88,,,,,
23-11-2017,64.57,,,,,
24-11-2017,64.68,,,,,
27-11-2017,64.477,,,,,
28-11-2017,64.41,,,,,
29-11-2017,64.36,,,,,
30-11-2017,64.49,,,,,
01-12-2017,64.52,,,,,
04-12-2017,64.38,,,,,
05-12-2017,64.36,,,,,
06-12-2017,64.53,,,,,
07-12-2017,64.57,,,,,
08-12-2017,64.48,,,,,
11-12-2017,64.355,,,,,
12-12-2017,64.41,,,,,
13-12-2017,64.46,,,,,
14-12-2017,64.34,,,,,
15-12-2017,64.08,,,,,
18-12-2017,64.21,,,,,
19-12-2017,64.06,,,,,
20-12-2017,64.115,,,,,
21-12-2017,64.02,,,,,
22-12-2017,64.02,,,,,
25-12-2017,64.02,,,,,
26-12-2017,64.05,,,,,
27-12-2017,64.12,,,,,
28-12-2017,64.08,,,,,
29-12-2017,63.84,,,,,
01-01-2018,63.68,,,,,
02-01-2018,63.46,,,,,
03-01-2018,63.505,,,,,
04-01-2018,63.4,,,,,
05-01-2018,63.34,,,,,
08-01-2018,63.475,,,,,
09-01-2018,63.67,,,,,
10-01-2018,63.63,,,,,
11-01-2018,63.69,,,,,
12-01-2018,63.61,,,,,
15-01-2018,63.515,,,,,
16-01-2018,64.02,,,,,
17-01-2018,63.885,,,,,
18-01-2018,63.87,,,,,
19-01-2018,63.83,,,,,
22-01-2018,63.89,,,,,
23-01-2018,63.76,,,,,
24-01-2018,63.66,,,,,
25-01-2018,63.515,,,,,
26-01-2018,63.59,,,,,
29-01-2018,63.6,,,,,
30-01-2018,63.69,,,,,
31-01-2018,63.55,,,,,
01-02-2018,63.98,,,,,
02-02-2018,64.13,,,,,
05-02-2018,64.14,,,,,
06-02-2018,64.23,,,,,
07-02-2018,64.28,,,,,
08-02-2018,64.3,,,,,
09-02-2018,64.375,,,,,
12-02-2018,64.28,,,,,
13-02-2018,64.265,,,,,
14-02-2018,64.1,,,,,
15-02-2018,63.9,,,,,
16-02-2018,64.215,,,,,
19-02-2018,64.25,,,,,
20-02-2018,64.86,,,,,
21-02-2018,64.805,,,,,
22-02-2018,64.975,,,,,
23-02-2018,64.71,,,,,
26-02-2018,64.77,,,,,
27-02-2018,64.92,,,,,
28-02-2018,65.21,,,,,
01-03-2018,65.23,,,,,
02-03-2018,65.22,,,,,
05-03-2018,65.025,,,,,
06-03-2018,64.905,,,,,
07-03-2018,64.88,,,,,
08-03-2018,65.105,,,,,
09-03-2018,65.125,,,,,
12-03-2018,64.985,,,,,
13-03-2018,64.855,,,,,
14-03-2018,64.84,,,,,
15-03-2018,64.99,,,,,
16-03-2018,64.99,,,,,
19-03-2018,65.22,,,,,
20-03-2018,65.21,,,,,
21-03-2018,65.18,,,,,
22-03-2018,65.105,,,,,
23-03-2018,64.99,,,,,
26-03-2018,64.825,,,,,
27-03-2018,64.945,,,,,
28-03-2018,65.16,,,,,
29-03-2018,65.115,,,,,
30-03-2018,65.115,,,,,
02-04-2018,65.13,,,,,
03-04-2018,65,,,,,
04-04-2018,65.045,,,,,
05-04-2018,64.89,,,,,
06-04-2018,64.93,,,,,
09-04-2018,64.955,,,,,
10-04-2018,64.95,,,,,
11-04-2018,65.26,,,,,
12-04-2018,65.29,,,,,
13-04-2018,65.255,,,,,
16-04-2018,65.47,,,,,
17-04-2018,65.68,,,,,
18-04-2018,65.72,,,,,
19-04-2018,65.87,,,,,
20-04-2018,66.21,,,,,
23-04-2018,66.53,,,,,
24-04-2018,66.41,,,,,
25-04-2018,66.92,,,,,
26-04-2018,66.805,,,,,
27-04-2018,66.62,,,,,
30-04-2018,66.46,,,,,
01-05-2018,66.8,,,,,
02-05-2018,66.69,,,,,
03-05-2018,66.67,,,,,
04-05-2018,66.82,,,,,
07-05-2018,67.14,,,,,
08-05-2018,67.13,,,,,
09-05-2018,67.35,,,,,
10-05-2018,67.245,,,,,
11-05-2018,67.36,,,,,
14-05-2018,67.56,,,,,
15-05-2018,68.08,,,,,
16-05-2018,67.775,,,,,
17-05-2018,67.765,,,,,
18-05-2018,67.99,,,,,
21-05-2018,68.115,,,,,
22-05-2018,68.02,,,,,
23-05-2018,68.37,,,,,
24-05-2018,68.34,,,,,
25-05-2018,67.73,,,,,
28-05-2018,67.4,,,,,
29-05-2018,67.84,,,,,
30-05-2018,67.44,,,,,
31-05-2018,67.43,,,,,
01-06-2018,66.995,,,,,
04-06-2018,67.07,,,,,
05-06-2018,67.1,,,,,
06-06-2018,66.84,,,,,
07-06-2018,67.42,,,,,
08-06-2018,67.53,,,,,
11-06-2018,67.47,,,,,
12-06-2018,67.48,,,,,
13-06-2018,67.645,,,,,
14-06-2018,67.69,,,,,
15-06-2018,68.06,,,,,
18-06-2018,68.04,,,,,
19-06-2018,68.31,,,,,
20-06-2018,68.06,,,,,
21-06-2018,67.945,,,,,
22-06-2018,67.87,,,,,
25-06-2018,68.115,,,,,
26-06-2018,68.37,,,,,
27-06-2018,68.64,,,,,
28-06-2018,68.84,,,,,
29-06-2018,68.46,,,,,
02-07-2018,68.72,,,,,
03-07-2018,68.55,,,,,
04-07-2018,68.69,,,,,
05-07-2018,68.88,,,,,
06-07-2018,68.805,,,,,
09-07-2018,68.66,,,,,
10-07-2018,68.755,,,,,
11-07-2018,68.73,,,,,
12-07-2018,68.52,,,,,
13-07-2018,68.5,,,,,
16-07-2018,68.55,,,,,
17-07-2018,68.43,,,,,
18-07-2018,68.625,,,,,
19-07-2018,69.02,,,,,
20-07-2018,68.74,,,,,
23-07-2018,68.845,,,,,
24-07-2018,68.947,,,,,
25-07-2018,68.73,,,,,
26-07-2018,68.66,,,,,
27-07-2018,68.605,,,,,
30-07-2018,68.605,,,,,
31-07-2018,68.46,,,,,
01-08-2018,68.35,,,,,
02-08-2018,68.625,,,,,
03-08-2018,68.545,,,,,
06-08-2018,68.83,,,,,
07-08-2018,68.63,,,,,
08-08-2018,68.66,,,,,
09-08-2018,68.76,,,,,
10-08-2018,68.89,,,,,
13-08-2018,70.02,,,,,
14-08-2018,69.96,,,,,
15-08-2018,69.92,,,,,
16-08-2018,70.09,,,,,
17-08-2018,70.1,,,,,
20-08-2018,69.82,,,,,
21-08-2018,69.86,,,,,
22-08-2018,69.87,,,,,
23-08-2018,70.105,,,,,
24-08-2018,69.97,,,,,
27-08-2018,70.165,,,,,
28-08-2018,70.1,,,,,
29-08-2018,70.535,,,,,
30-08-2018,70.745,,,,,
31-08-2018,71.005,,,,,
03-09-2018,71.215,,,,,
04-09-2018,71.585,,,,,
05-09-2018,71.755,,,,,
06-09-2018,71.95,,,,,
07-09-2018,71.79,,,,,
10-09-2018,72.455,,,,,
11-09-2018,72.64,,,,,
12-09-2018,72.16,,,,,
13-09-2018,72.037,,,,,
14-09-2018,71.88,,,,,
17-09-2018,72.54,,,,,
18-09-2018,72.71,,,,,
19-09-2018,72.36,,,,,
20-09-2018,72.015,,,,,
21-09-2018,72.24,,,,,
24-09-2018,72.67,,,,,
25-09-2018,72.685,,,,,
26-09-2018,72.6,,,,,
27-09-2018,72.57,,,,,
28-09-2018,72.51,,,,,
01-10-2018,72.925,,,,,
02-10-2018,72.925,,,,,
03-10-2018,73.345,,,,,
04-10-2018,73.63,,,,,
05-10-2018,73.77,,,,,
08-10-2018,74.065,,,,,
09-10-2018,74.34,,,,,
10-10-2018,74.25,,,,,
11-10-2018,74.05,,,,,
12-10-2018,73.61,,,,,
15-10-2018,73.77,,,,,
16-10-2018,73.465,,,,,
17-10-2018,73.6,,,,,
18-10-2018,73.53,,,,,
19-10-2018,73.375,,,,,
22-10-2018,73.56,,,,,
23-10-2018,73.55,,,,,
24-10-2018,73.23,,,,,
25-10-2018,73.23,,,,,
26-10-2018,73.46,,,,,
29-10-2018,73.4,,,,,
30-10-2018,73.68,,,,,
31-10-2018,73.96,,,,,
01-11-2018,73.455,,,,,
02-11-2018,72.44,,,,,
05-11-2018,73.08,,,,,
06-11-2018,72.955,,,,,
07-11-2018,72.45,,,,,
08-11-2018,72.38,,,,,
09-11-2018,72.48,,,,,
12-11-2018,72.86,,,,,
13-11-2018,72.615,,,,,
14-11-2018,72.31,,,,,
15-11-2018,71.915,,,,,
16-11-2018,71.98,,,,,
19-11-2018,71.61,,,,,
20-11-2018,71.43,,,,,
21-11-2018,71.305,,,,,
22-11-2018,70.69,,,,,
23-11-2018,70.655,,,,,
26-11-2018,70.82,,,,,
27-11-2018,70.785,,,,,
28-11-2018,70.64,,,,,
29-11-2018,69.78,,,,,
30-11-2018,69.65,,,,,
03-12-2018,70.44,,,,,
04-12-2018,70.53,,,,,
05-12-2018,70.56,,,,,
06-12-2018,70.85,,,,,
07-12-2018,70.86,,,,,
10-12-2018,72.52,,,,,
11-12-2018,72.291,,,,,
12-12-2018,71.84,,,,,
13-12-2018,71.53,,,,,
14-12-2018,71.92,,,,,
17-12-2018,71.61,,,,,
18-12-2018,70.62,,,,,
19-12-2018,70.279,,,,,
20-12-2018,69.98,,,,,
21-12-2018,70.14,,,,,
24-12-2018,70.105,,,,,
25-12-2018,70.05,,,,,
26-12-2018,70.07,,,,,
27-12-2018,70.361,,,,,
28-12-2018,69.933,,,,,
31-12-2018,69.57,,,,,
01-01-2019,69.453,,,,,
02-01-2019,70,,,,,
03-01-2019,70.11,,,,,
04-01-2019,69.55,,,,,
07-01-2019,69.803,,,,,
08-01-2019,70.14,,,,,
09-01-2019,70.56,,,,,
10-01-2019,70.42,,,,,
11-01-2019,70.399,,,,,
14-01-2019,70.76,,,,,
15-01-2019,71.1,,,,,
16-01-2019,70.98,,,,,
17-01-2019,71.05,,,,,
18-01-2019,71.21,,,,,
21-01-2019,71.188,,,,,
22-01-2019,71.26,,,,,
23-01-2019,71.19,,,,,
24-01-2019,71,,,,,
25-01-2019,70.9,,,,,
28-01-2019,71.07,,,,,
29-01-2019,71.39,,,,,
30-01-2019,71.235,,,,,
31-01-2019,70.96,,,,,
01-02-2019,71.435,,,,,
04-02-2019,71.71,,,,,
05-02-2019,71.53,,,,,
06-02-2019,71.55,,,,,
07-02-2019,71.3,,,,,
08-02-2019,71.175,,,,,
11-02-2019,71.14,,,,,
12-02-2019,70.535,,,,,
13-02-2019,70.875,,,,,
14-02-2019,71.02,,,,,
15-02-2019,71.33,,,,,
18-02-2019,71.387,,,,,
19-02-2019,71.3,,,,,
20-02-2019,71.01,,,,,
21-02-2019,71.165,,,,,
22-02-2019,71.035,,,,,
25-02-2019,70.834,,,,,
26-02-2019,70.96,,,,,
27-02-2019,71.2,,,,,
28-02-2019,70.84,,,,,
01-03-2019,71,,,,,
04-03-2019,70.91,,,,,
05-03-2019,70.49,,,,,
06-03-2019,70.08,,,,,
07-03-2019,70.116,,,,,
08-03-2019,70.012,,,,,
11-03-2019,69.85,,,,,
12-03-2019,69.625,,,,,
13-03-2019,69.529,,,,,
14-03-2019,69.365,,,,,
15-03-2019,68.963,,,,,
18-03-2019,68.625,,,,,
19-03-2019,69.015,,,,,
20-03-2019,68.79,,,,,
21-03-2019,68.81,,,,,
22-03-2019,69.17,,,,,
25-03-2019,68.89,,,,,
26-03-2019,68.996,,,,,
27-03-2019,69.1,,,,,
28-03-2019,69.19,,,,,
29-03-2019,69.185,,,,,
01-04-2019,69.205,,,,,
02-04-2019,68.92,,,,,
03-04-2019,68.45,,,,,
04-04-2019,68.98,,,,,
05-04-2019,69.17,,,,,
08-04-2019,69.555,,,,,
09-04-2019,69.28,,,,,
10-04-2019,69.15,,,,,
11-04-2019,69.02,,,,,
12-04-2019,69.19,,,,,
15-04-2019,69.395,,,,,
16-04-2019,69.53,,,,,
17-04-2019,69.431,,,,,
18-04-2019,69.395,,,,,
19-04-2019,69.407,,,,,
22-04-2019,69.7,,,,,
23-04-2019,69.77,,,,,
24-04-2019,69.96,,,,,
25-04-2019,70.17,,,,,
26-04-2019,69.85,,,,,
29-04-2019,69.817,,,,,
30-04-2019,69.647,,,,,
01-05-2019,69.545,,,,,
02-05-2019,69.41,,,,,
03-05-2019,69.095,,,,,
06-05-2019,69.38,,,,,
07-05-2019,69.645,,,,,
08-05-2019,69.72,,,,,
09-05-2019,70.2,,,,,
10-05-2019,70.015,,,,,
13-05-2019,70.57,,,,,
14-05-2019,70.332,,,,,
15-05-2019,70.249,,,,,
16-05-2019,70.13,,,,,
17-05-2019,70.28,,,,,
20-05-2019,69.609,,,,,
21-05-2019,69.645,,,,,
22-05-2019,69.65,,,,,
23-05-2019,69.665,,,,,
24-05-2019,69.38,,,,,
27-05-2019,69.504,,,,,
28-05-2019,69.61,,,,,
29-05-2019,69.845,,,,,
30-05-2019,69.825,,,,,
31-05-2019,69.58,,,,,
03-06-2019,69.171,,,,,
04-06-2019,69.291,,,,,
05-06-2019,69.385,,,,,
06-06-2019,69.165,,,,,
07-06-2019,69.355,,,,,
10-06-2019,69.535,,,,,
11-06-2019,69.385,,,,,
12-06-2019,69.375,,,,,
13-06-2019,69.53,,,,,
14-06-2019,69.833,,,,,
17-06-2019,69.85,,,,,
18-06-2019,69.61,,,,,
19-06-2019,69.65,,,,,
20-06-2019,69.52,,,,,
21-06-2019,69.615,,,,,
24-06-2019,69.273,,,,,
25-06-2019,69.334,,,,,
26-06-2019,69.245,,,,,
27-06-2019,69.088,,,,,
28-06-2019,68.95,,,,,
01-07-2019,68.885,,,,,
02-07-2019,68.89,,,,,
03-07-2019,68.8,,,,,
04-07-2019,68.527,,,,,
05-07-2019,68.45,,,,,
08-07-2019,68.566,,,,,
09-07-2019,68.565,,,,,
10-07-2019,68.419,,,,,
11-07-2019,68.41,,,,,
12-07-2019,68.56,,,,,
15-07-2019,68.545,,,,,
16-07-2019,68.65,,,,,
17-07-2019,68.846,,,,,
18-07-2019,68.855,,,,,
19-07-2019,68.86,,,,,
22-07-2019,68.93,,,,,
23-07-2019,69.033,,,,,
24-07-2019,68.98,,,,,
25-07-2019,69.041,,,,,
26-07-2019,68.88,,,,,
29-07-2019,68.755,,,,,
30-07-2019,68.862,,,,,
31-07-2019,68.875,,,,,
01-08-2019,69.017,,,,,
02-08-2019,69.7,,,,,
05-08-2019,70.821,,,,,
06-08-2019,71.04,,,,,
07-08-2019,71.145,,,,,
08-08-2019,70.42,,,,,
09-08-2019,70.924,,,,,
12-08-2019,71.283,,,,,
13-08-2019,71.418,,,,,
14-08-2019,71.275,,,,,
15-08-2019,71.81,,,,,
16-08-2019,71.155,,,,,
19-08-2019,71.451,,,,,
20-08-2019,71.549,,,,,
21-08-2019,71.44,,,,,
22-08-2019,71.93,,,,,
23-08-2019,71.513,,,,,
26-08-2019,72.025,,,,,
27-08-2019,71.543,,,,,
28-08-2019,71.829,,,,,
29-08-2019,71.69,,,,,
30-08-2019,71.453,,,,,
02-09-2019,71.969,,,,,
03-09-2019,72.17,,,,,
04-09-2019,71.989,,,,,
05-09-2019,71.928,,,,,
06-09-2019,71.645,,,,,
09-09-2019,71.778,,,,,
10-09-2019,71.875,,,,,
11-09-2019,71.577,,,,,
12-09-2019,70.967,,,,,
13-09-2019,70.985,,,,,
16-09-2019,71.58,,,,,
17-09-2019,71.49,,,,,
18-09-2019,71.145,,,,,
19-09-2019,71.375,,,,,
20-09-2019,71.075,,,,,
23-09-2019,70.799,,,,,
24-09-2019,70.971,,,,,
25-09-2019,70.988,,,,,
26-09-2019,70.964,,,,,
27-09-2019,70.509,,,,,
30-09-2019,70.645,,,,,
01-10-2019,71.11,,,,,
02-10-2019,71.15,,,,,
03-10-2019,71.03,,,,,
04-10-2019,70.825,,,,,
07-10-2019,70.975,,,,,
08-10-2019,71.22,,,,,
09-10-2019,71.12,,,,,
10-10-2019,70.99,,,,,
11-10-2019,70.924,,,,,
14-10-2019,71.237,,,,,
15-10-2019,71.5,,,,,
16-10-2019,71.364,,,,,
17-10-2019,71.13,,,,,
18-10-2019,71.09,,,,,
21-10-2019,70.925,,,,,
22-10-2019,70.81,,,,,
23-10-2019,70.725,,,,,
24-10-2019,70.965,,,,,
25-10-2019,70.82,,,,,
28-10-2019,70.745,,,,,
29-10-2019,70.89,,,,,
30-10-2019,70.952,,,,,
31-10-2019,70.98,,,,,
01-11-2019,70.76,,,,,
04-11-2019,70.789,,,,,
05-11-2019,70.775,,,,,
06-11-2019,71.01,,,,,
07-11-2019,71.047,,,,,
08-11-2019,71.36,,,,,
11-11-2019,71.57,,,,,
12-11-2019,71.79,,,,,
13-11-2019,72.15,,,,,
14-11-2019,71.966,,,,,
15-11-2019,71.65,,,,,
18-11-2019,71.945,,,,,
19-11-2019,71.83,,,,,
20-11-2019,71.746,,,,,
21-11-2019,71.75,,,,,
22-11-2019,71.792,,,,,
25-11-2019,71.689,,,,,
26-11-2019,71.48,,,,,
27-11-2019,71.26,,,,,
28-11-2019,71.505,,,,,
29-11-2019,71.749,,,,,
02-12-2019,71.634,,,,,
03-12-2019,71.74,,,,,
04-12-2019,71.474,,,,,
05-12-2019,71.252,,,,,
06-12-2019,71.283,,,,,
09-12-2019,70.97,,,,,
10-12-2019,70.81,,,,,
11-12-2019,70.71,,,,,
12-12-2019,70.57,,,,,
13-12-2019,70.798,,,,,
16-12-2019,70.915,,,,,
17-12-2019,71.035,,,,,
18-12-2019,71,,,,,
19-12-2019,71.18,,,,,
20-12-2019,71.06,,,,,
23-12-2019,71.22,,,,,
24-12-2019,71.28,,,,,
25-12-2019,71.28,,,,,
26-12-2019,71.3,,,,,
27-12-2019,71.455,,,,,
30-12-2019,71.32,,,,,
31-12-2019,71.355,,,,,
01-01-2020,71.227,,,,,
02-01-2020,71.35,,,,,
03-01-2020,71.77,,,,,
06-01-2020,71.867,,,,,
07-01-2020,71.845,,,,,
08-01-2020,71.51,,,,,
09-01-2020,71.21,,,,,
10-01-2020,70.96,,,,,
13-01-2020,70.71,,,,,
14-01-2020,70.85,,,,,
15-01-2020,70.72,,,,,
16-01-2020,70.978,,,,,
17-01-2020,71.079,,,,,
20-01-2020,71.04,,,,,
21-01-2020,71.17,,,,,
22-01-2020,71.08,,,,,
23-01-2020,71.4,,,,,
24-01-2020,71.33,,,,,
27-01-2020,71.45,,,,,
28-01-2020,71.2,,,,,
29-01-2020,71.31,,,,,
30-01-2020,71.55,,,,,
31-01-2020,71.555,,,,,
03-02-2020,71.324,,,,,
04-02-2020,71.115,,,,,
05-02-2020,71.19,,,,,
06-02-2020,71.225,,,,,
07-02-2020,71.515,,,,,
10-02-2020,71.29,,,,,
11-02-2020,71.285,,,,,
12-02-2020,71.306,,,,,
13-02-2020,71.33,,,,,
14-02-2020,71.529,,,,,
17-02-2020,71.34,,,,,
18-02-2020,71.585,,,,,
19-02-2020,71.6,,,,,
20-02-2020,71.68,,,,,
21-02-2020,71.88,,,,,
24-02-2020,71.935,,,,,
25-02-2020,71.82,,,,,
26-02-2020,71.58,,,,,
27-02-2020,71.655,,,,,
28-02-2020,72.539,,,,,
02-03-2020,72.882,,,,,
03-03-2020,73.05,,,,,
04-03-2020,73.54,,,,,
05-03-2020,73.506,,,,,
06-03-2020,74.004,,,,,
09-03-2020,74.196,,,,,
10-03-2020,74.15,,,,,
11-03-2020,73.682,,,,,
12-03-2020,74.576,,,,,
13-03-2020,73.84,,,,,
16-03-2020,74.003,,,,,
17-03-2020,74.062,,,,,
18-03-2020,74.55,,,,,
19-03-2020,74.786,,,,,
20-03-2020,75.399,,,,,
23-03-2020,76.335,,,,,
24-03-2020,76.379,,,,,
25-03-2020,76.375,,,,,
26-03-2020,74.889,,,,,
27-03-2020,75.472,,,,,
30-03-2020,75.41,,,,,
31-03-2020,75.343,,,,,
01-04-2020,76.404,,,,,
02-04-2020,76.4,,,,,
03-04-2020,76.24,,,,,
06-04-2020,75.975,,,,,
07-04-2020,75.645,,,,,
08-04-2020,75.945,,,,,
09-04-2020,76.3,,,,,
10-04-2020,75.879,,,,,
13-04-2020,76.249,,,,,
14-04-2020,76.015,,,,,
15-04-2020,76.564,,,,,
16-04-2020,76.805,,,,,
17-04-2020,76.55,,,,,
20-04-2020,76.575,,,,,
21-04-2020,76.975,,,,,
22-04-2020,76.41,,,,,
23-04-2020,75.895,,,,,
24-04-2020,76.27,,,,,
27-04-2020,76.229,,,,,
28-04-2020,76.065,,,,,
29-04-2020,75.455,,,,,
30-04-2020,75.08,,,,,
01-05-2020,75.749,,,,,
04-05-2020,75.64,,,,,
05-05-2020,75.71,,,,,
06-05-2020,76.105,,,,,
07-05-2020,75.794,,,,,
08-05-2020,75.535,,,,,
11-05-2020,75.888,,,,,
12-05-2020,75.062,,,,,
13-05-2020,75.365,,,,,
14-05-2020,75.495,,,,,
15-05-2020,75.83,,,,,
18-05-2020,75.7,,,,,
19-05-2020,75.645,,,,,
20-05-2020,75.555,,,,,
21-05-2020,75.62,,,,,
22-05-2020,75.95,,,,,
25-05-2020,75.887,,,,,
26-05-2020,75.459,,,,,
27-05-2020,75.92,,,,,
28-05-2020,75.66,,,,,
29-05-2020,75.605,,,,,
01-06-2020,75.505,,,,,
02-06-2020,75.1,,,,,
03-06-2020,75.325,,,,,
04-06-2020,75.459,,,,,
05-06-2020,75.56,,,,,
08-06-2020,75.4,,,,,
09-06-2020,75.505,,,,,
10-06-2020,75.635,,,,,
11-06-2020,75.971,,,,,
12-06-2020,76.05,,,,,
15-06-2020,75.979,,,,,
16-06-2020,76.25,,,,,
17-06-2020,76.29,,,,,
18-06-2020,76.4,,,,,
19-06-2020,76.26,,,,,
22-06-2020,75.79,,,,,
23-06-2020,75.503,,,,,
24-06-2020,75.665,,,,,
25-06-2020,75.587,,,,,
26-06-2020,75.62,,,,,
29-06-2020,75.51,,,,,
30-06-2020,75.545,,,,,
01-07-2020,75.49,,,,,
02-07-2020,74.75,,,,,
03-07-2020,74.636,,,,,
06-07-2020,74.635,,,,,
07-07-2020,74.81,,,,,
08-07-2020,74.945,,,,,
09-07-2020,75.155,,,,,
10-07-2020,75.195,,,,,
13-07-2020,75.212,,,,,
14-07-2020,75.406,,,,,
15-07-2020,75.125,,,,,
16-07-2020,75.18,,,,,
17-07-2020,74.898,,,,,
20-07-2020,74.75,,,,,
21-07-2020,74.54,,,,,
22-07-2020,74.61,,,,,
23-07-2020,74.815,,,,,
24-07-2020,74.76,,,,,
27-07-2020,74.8,,,,,
28-07-2020,74.909,,,,,
29-07-2020,74.948,,,,,
30-07-2020,74.876,,,,,
31-07-2020,74.918,,,,,
03-08-2020,75.185,,,,,
04-08-2020,75.061,,,,,
05-08-2020,74.798,,,,,
06-08-2020,74.9,,,,,
07-08-2020,75.025,,,,,
10-08-2020,74.875,,,,,
11-08-2020,74.62,,,,,
12-08-2020,74.795,,,,,
13-08-2020,74.812,,,,,
14-08-2020,74.903,,,,,
17-08-2020,74.744,,,,,
18-08-2020,74.575,,,,,
19-08-2020,74.847,,,,,
20-08-2020,75.013,,,,,
21-08-2020,74.922,,,,,
24-08-2020,74.169,,,,,
25-08-2020,74.223,,,,,
26-08-2020,74.222,,,,,
27-08-2020,73.904,,,,,
28-08-2020,73.115,,,,,
31-08-2020,73.257,,,,,
01-09-2020,73.004,,,,,
02-09-2020,73.269,,,,,
03-09-2020,73.391,,,,,
04-09-2020,73.291,,,,,
07-09-2020,73.447,,,,,
08-09-2020,73.75,,,,,
09-09-2020,73.31,,,,,
10-09-2020,73.44,,,,,
11-09-2020,73.44,,,,,
14-09-2020,73.385,,,,,
15-09-2020,73.61,,,,,
16-09-2020,73.545,,,,,
17-09-2020,73.61,,,,,
18-09-2020,73.54,,,,,
21-09-2020,73.58,,,,,
22-09-2020,73.52,,,,,
23-09-2020,73.58,,,,,
24-09-2020,73.91,,,,,
25-09-2020,73.685,,,,,
28-09-2020,73.765,,,,,
29-09-2020,73.76,,,,,
30-09-2020,73.57,,,,,
01-10-2020,73.218,,,,,
02-10-2020,73.295,,,,,
05-10-2020,73.117,,,,,
06-10-2020,73.441,,,,,
07-10-2020,73.335,,,,,
08-10-2020,73.3,,,,,
09-10-2020,73.02,,,,,
12-10-2020,73.364,,,,,
13-10-2020,73.41,,,,,
14-10-2020,73.255,,,,,
15-10-2020,73.435,,,,,
16-10-2020,73.444,,,,,
19-10-2020,73.36,,,,,
20-10-2020,73.45,,,,,
21-10-2020,73.6,,,,,
22-10-2020,73.67,,,,,
23-10-2020,73.842,,,,,
26-10-2020,73.97,,,,,
27-10-2020,73.624,,,,,
28-10-2020,74.19,,,,,
29-10-2020,74.38,,,,,
30-10-2020,74.567,,,,,
02-11-2020,74.51,,,,,
03-11-2020,74.625,,,,,
04-11-2020,74.368,,,,,
05-11-2020,73.925,,,,,
06-11-2020,73.976,,,,,
09-11-2020,74.035,,,,,
10-11-2020,74.29,,,,,
11-11-2020,74.462,,,,,
12-11-2020,74.685,,,,,
13-11-2020,74.582,,,,,
16-11-2020,74.38,,,,,
17-11-2020,74.48,,,,,
18-11-2020,74.12,,,,,
19-11-2020,74.11,,,,,
20-11-2020,74.12,,,,,
23-11-2020,74.26,,,,,
24-11-2020,74.079,,,,,
25-11-2020,73.789,,,,,
26-11-2020,73.837,,,,,
27-11-2020,73.935,,,,,
30-11-2020,74,,,,,
01-12-2020,73.5,,,,,
02-12-2020,73.77,,,,,
03-12-2020,73.87,,,,,
04-12-2020,73.776,,,,,
07-12-2020,73.779,,,,,
08-12-2020,73.725,,,,,
09-12-2020,73.73,,,,,
10-12-2020,73.745,,,,,
11-12-2020,73.738,,,,,
14-12-2020,73.64,,,,,
15-12-2020,73.558,,,,,
16-12-2020,73.64,,,,,
17-12-2020,73.525,,,,,
18-12-2020,73.575,,,,,
21-12-2020,74.028,,,,,
22-12-2020,73.854,,,,,
23-12-2020,73.78,,,,,
24-12-2020,73.555,,,,,
25-12-2020,73.558,,,,,
28-12-2020,73.548,,,,,
29-12-2020,73.405,,,,,
30-12-2020,73.144,,,,,
31-12-2020,73.054,,,,,
01-01-2021,73.125,,,,,
04-01-2021,73.08,,,,,
05-01-2021,73.13,,,,,
06-01-2021,73.136,,,,,
07-01-2021,73.43,,,,,
08-01-2021,73.34,,,,,
11-01-2021,73.474,,,,,
12-01-2021,73.225,,,,,
13-01-2021,73.17,,,,,
14-01-2021,73.08,,,,,
15-01-2021,73.13,,,,,
18-01-2021,73.188,,,,,
19-01-2021,73.192,,,,,
20-01-2021,72.915,,,,,
21-01-2021,72.97,,,,,
22-01-2021,72.985,,,,,
25-01-2021,72.97,,,,,
26-01-2021,72.915,,,,,
27-01-2021,73.07,,,,,
28-01-2021,72.944,,,,,
29-01-2021,72.906,,,,,
01-02-2021,73.12,,,,,
02-02-2021,72.917,,,,,
03-02-2021,72.815,,,,,
04-02-2021,72.955,,,,,
05-02-2021,72.815,,,,,
08-02-2021,72.935,,,,,
09-02-2021,72.856,,,,,
10-02-2021,72.795,,,,,
11-02-2021,72.71,,,,,
12-02-2021,72.595,,,,,
15-02-2021,72.624,,,,,
16-02-2021,72.87,,,,,
17-02-2021,72.835,,,,,
18-02-2021,72.585,,,,,
19-02-2021,72.56,,,,,
22-02-2021,72.45,,,,,
23-02-2021,72.382,,,,,
24-02-2021,72.39,,,,,
25-02-2021,72.745,,,,,
26-02-2021,73.937,,,,,
01-03-2021,73.405,,,,,
02-03-2021,73.26,,,,,
03-03-2021,72.94,,,,,
04-03-2021,72.739,,,,,
05-03-2021,73.19,,,,,
08-03-2021,73.36,,,,,
09-03-2021,72.776,,,,,
10-03-2021,72.73,,,,,
11-03-2021,72.7,,,,,
12-03-2021,72.69,,,,,
15-03-2021,72.535,,,,,
16-03-2021,72.515,,,,,
17-03-2021,72.57,,,,,
18-03-2021,72.7,,,,,
19-03-2021,72.413,,,,,
22-03-2021,72.38,,,,,
23-03-2021,72.555,,,,,
24-03-2021,72.595,,,,,
25-03-2021,72.665,,,,,
26-03-2021,72.615,,,,,
29-03-2021,72.755,,,,,
30-03-2021,73.445,,,,,
31-03-2021,73.148,,,,,
01-04-2021,73.332,,,,,
02-04-2021,73.385,,,,,
05-04-2021,73.319,,,,,
06-04-2021,73.49,,,,,
07-04-2021,74.368,,,,,
08-04-2021,74.577,,,,,
09-04-2021,74.734,,,,,
12-04-2021,74.99,,,,,
13-04-2021,75.27,,,,,
14-04-2021,75.06,,,,,
15-04-2021,74.73,,,,,
16-04-2021,74.54,,,,,
19-04-2021,74.86,,,,,
20-04-2021,75.395,,,,,
21-04-2021,75.439,,,,,
22-04-2021,75.12,,,,,
23-04-2021,74.93,,,,,
26-04-2021,74.757,,,,,
27-04-2021,74.59,,,,,
28-04-2021,74.493,,,,,
29-04-2021,74.1,,,,,
30-04-2021,74.055,,,,,
03-05-2021,73.82,,,,,
04-05-2021,73.77,,,,,
05-05-2021,73.81,,,,,
06-05-2021,73.605,,,,,
07-05-2021,73.254,,,,,
10-05-2021,73.46,,,,,
11-05-2021,73.375,,,,,
12-05-2021,73.538,,,,,
13-05-2021,73.48,,,,,
14-05-2021,73.3,,,,,
17-05-2021,73.335,,,,,
18-05-2021,73.055,,,,,
19-05-2021,73.22,,,,,
20-05-2021,73.015,,,,,
21-05-2021,72.827,,,,,
24-05-2021,72.835,,,,,
25-05-2021,72.795,,,,,
26-05-2021,72.725,,,,,
27-05-2021,72.71,,,,,
28-05-2021,72.41,,,,,
31-05-2021,72.518,,,,,
01-06-2021,72.865,,,,,
02-06-2021,72.96,,,,,
03-06-2021,73.045,,,,,
04-06-2021,72.87,,,,,
07-06-2021,72.811,,,,,
08-06-2021,72.955,,,,,
09-06-2021,72.985,,,,,
10-06-2021,73.08,,,,,
11-06-2021,73.245,,,,,
14-06-2021,73.185,,,,,
15-06-2021,73.36,,,,,
16-06-2021,73.275,,,,,
17-06-2021,74.186,,,,,
18-06-2021,74.12,,,,,
21-06-2021,74.14,,,,,
22-06-2021,74.34,,,,,
23-06-2021,74.15,,,,,
24-06-2021,74.19,,,,,
25-06-2021,74.22,,,,,
28-06-2021,74.275,,,,,
29-06-2021,74.3,,,,,
30-06-2021,74.365,,,,,
01-07-2021,74.565,,,,,
02-07-2021,74.518,,,,,
05-07-2021,74.317,,,,,
06-07-2021,74.591,,,,,
07-07-2021,74.8,,,,,
08-07-2021,74.74,,,,,
09-07-2021,74.487,,,,,
12-07-2021,74.545,,,,,
13-07-2021,74.6,,,,,
14-07-2021,74.47,,,,,
15-07-2021,74.55,,,,,
16-07-2021,74.61,,,,,
19-07-2021,74.858,,,,,
20-07-2021,74.535,,,,,
21-07-2021,74.495,,,,,
22-07-2021,74.455,,,,,
23-07-2021,74.427,,,,,
26-07-2021,74.34,,,,,
27-07-2021,74.504,,,,,
28-07-2021,74.5,,,,,
29-07-2021,74.248,,,,,
30-07-2021,74.344,,,,,
02-08-2021,74.356,,,,,
03-08-2021,74.251,,,,,
04-08-2021,74.175,,,,,
05-08-2021,74.1,,,,,
06-08-2021,74.242,,,,,
09-08-2021,74.488,,,,,
10-08-2021,74.435,,,,,
11-08-2021,74.263,,,,,
12-08-2021,74.315,,,,,
13-08-2021,74.242,,,,,
16-08-2021,74.17,,,,,
17-08-2021,74.375,,,,,
18-08-2021,74.29,,,,,
19-08-2021,74.38,,,,,
20-08-2021,74.352,,,,,
23-08-2021,74.135,,,,,
24-08-2021,74.136,,,,,
25-08-2021,74.12,,,,,
26-08-2021,74.155,,,,,
27-08-2021,73.475,,,,,
30-08-2021,73.299,,,,,
31-08-2021,72.951,,,,,
01-09-2021,72.995,,,,,
02-09-2021,73.006,,,,,
03-09-2021,72.997,,,,,
06-09-2021,73.078,,,,,
07-09-2021,73.442,,,,,
08-09-2021,73.796,,,,,
09-09-2021,73.546,,,,,
10-09-2021,73.524,,,,,
13-09-2021,73.565,,,,,
14-09-2021,73.647,,,,,
15-09-2021,73.445,,,,,
16-09-2021,73.575,,,,,
17-09-2021,73.645,,,,,
20-09-2021,73.653,,,,,
21-09-2021,73.745,,,,,
22-09-2021,73.825,,,,,
23-09-2021,73.81,,,,,
24-09-2021,73.821,,,,,
27-09-2021,73.825,,,,,
28-09-2021,74.2,,,,,
29-09-2021,74.298,,,,,
30-09-2021,74.17,,,,,
01-10-2021,74.15,,,,,
04-10-2021,74.588,,,,,
05-10-2021,74.565,,,,,
06-10-2021,74.778,,,,,
07-10-2021,74.825,,,,,
08-10-2021,75.131,,,,,
11-10-2021,75.403,,,,,
12-10-2021,75.488,,,,,
13-10-2021,75.306,,,,,
14-10-2021,74.995,,,,,
15-10-2021,75.03,,,,,
18-10-2021,75.21,,,,,
19-10-2021,75.12,,,,,
20-10-2021,74.81,,,,,
21-10-2021,74.889,,,,,
22-10-2021,74.999,,,,,
25-10-2021,75.022,,,,,
26-10-2021,74.942,,,,,
27-10-2021,75.069,,,,,
28-10-2021,74.788,,,,,
29-10-2021,74.935,,,,,
01-11-2021,74.837,,,,,
02-11-2021,74.695,,,,,
03-11-2021,74.452,,,,,
04-11-2021,74.548,,,,,
05-11-2021,74.191,,,,,
08-11-2021,73.921,,,,,
09-11-2021,74.175,,,,,
10-11-2021,74.415,,,,,
11-11-2021,74.312,,,,,
12-11-2021,74.347,,,,,
15-11-2021,74.404,,,,,
16-11-2021,74.457,,,,,
17-11-2021,74.255,,,,,
18-11-2021,74.165,,,,,
19-11-2021,74.35,,,,,
22-11-2021,74.445,,,,,
23-11-2021,74.447,,,,,
24-11-2021,74.622,,,,,
25-11-2021,74.502,,,,,
26-11-2021,75.065,,,,,
29-11-2021,75.05,,,,,
30-11-2021,75.1,,,,,
01-12-2021,75.021,,,,,
02-12-2021,74.989,,,,,
03-12-2021,75.241,,,,,
06-12-2021,75.395,,,,,
07-12-2021,75.409,,,,,
08-12-2021,75.384,,,,,
09-12-2021,75.599,,,,,
10-12-2021,75.718,,,,,
13-12-2021,75.77,,,,,
14-12-2021,76.045,,,,,
15-12-2021,76.355,,,,,
16-12-2021,76.184,,,,,
17-12-2021,76.013,,,,,
20-12-2021,75.73,,,,,
21-12-2021,75.705,,,,,
22-12-2021,75.46,,,,,
23-12-2021,75.035,,,,,
24-12-2021,75.004,,,,,
27-12-2021,74.98,,,,,
28-12-2021,74.715,,,,,
29-12-2021,74.57,,,,,
30-12-2021,74.415,,,,,
31-12-2021,74.486,,,,,
03-01-2022,74.4,,,,,
04-01-2022,74.53,,,,,
05-01-2022,74.285,,,,,
06-01-2022,74.385,,,,,
07-01-2022,74.278,,,,,
10-01-2022,74.025,,,,,
11-01-2022,73.817,,,,,
12-01-2022,73.797,,,,,
13-01-2022,73.972,,,,,
14-01-2022,74.156,,,,,
17-01-2022,74.255,,,,,
18-01-2022,74.565,,,,,
19-01-2022,74.455,,,,,
20-01-2022,74.468,,,,,
21-01-2022,74.409,,,,,
24-01-2022,74.642,,,,,
25-01-2022,74.787,,,,,
26-01-2022,74.903,,,,,
27-01-2022,75.209,,,,,
28-01-2022,75.046,,,,,
31-01-2022,74.556,,,,,
01-02-2022,74.751,,,,,
02-02-2022,74.823,,,,,
03-02-2022,74.644,,,,,
04-02-2022,74.645,,,,,
07-02-2022,74.655,,,,,
08-02-2022,74.719,,,,,
09-02-2022,74.808,,,,,
10-02-2022,75.102,,,,,
11-02-2022,75.348,,,,,
14-02-2022,75.686,,,,,
15-02-2022,75.177,,,,,
16-02-2022,75.05,,,,,
17-02-2022,75.105,,,,,
18-02-2022,74.687,,,,,
21-02-2022,74.524,,,,,
22-02-2022,74.63,,,,,
23-02-2022,74.64,,,,,
24-02-2022,75.615,,,,,
25-02-2022,75.075,,,,,
28-02-2022,75.52,,,,,
01-03-2022,75.782,,,,,
02-03-2022,75.638,,,,,
03-03-2022,75.971,,,,,
04-03-2022,76.425,,,,,
07-03-2022,76.975,,,,,
08-03-2022,76.905,,,,,
09-03-2022,76.382,,,,,
10-03-2022,76.31,,,,,
11-03-2022,76.511,,,,,
14-03-2022,76.45,,,,,
15-03-2022,76.42,,,,,
16-03-2022,76.2,,,,,
17-03-2022,75.937,,,,,
18-03-2022,76.065,,,,,
21-03-2022,76.285,,,,,
22-03-2022,76.159,,,,,
23-03-2022,76.53,,,,,
24-03-2022,76.305,,,,,
25-03-2022,76.285,,,,,
28-03-2022,76.09,,,,,
29-03-2022,75.666,,,,,
30-03-2022,75.823,,,,,
31-03-2022,75.928,,,,,
01-04-2022,75.995,,,,,
04-04-2022,75.451,,,,,
05-04-2022,75.465,,,,,
06-04-2022,75.947,,,,,
07-04-2022,75.913,,,,,
08-04-2022,75.96,,,,,
11-04-2022,75.836,,,,,
12-04-2022,76.082,,,,,
13-04-2022,76.122,,,,,
14-04-2022,76.292,,,,,
15-04-2022,76.332,,,,,
18-04-2022,76.284,,,,,
19-04-2022,76.445,,,,,
20-04-2022,76.269,,,,,
21-04-2022,76.262,,,,,
22-04-2022,76.475,,,,,
25-04-2022,76.748,,,,,
26-04-2022,76.68,,,,,
27-04-2022,76.632,,,,,
28-04-2022,76.67,,,,,
29-04-2022,76.535,,,,,
02-05-2022,76.485,,,,,
03-05-2022,76.47,,,,,
04-05-2022,76.282,,,,,
05-05-2022,76.514,,,,,
06-05-2022,76.979,,,,,
09-05-2022,77.365,,,,,
10-05-2022,77.225,,,,,
11-05-2022,77.425,,,,,
12-05-2022,77.435,,,,,
13-05-2022,77.48,,,,,
16-05-2022,77.833,,,,,
17-05-2022,77.476,,,,,
18-05-2022,77.81,,,,,
19-05-2022,77.415,,,,,
20-05-2022,77.865,,,,,
23-05-2022,77.545,,,,,
24-05-2022,77.475,,,,,
25-05-2022,77.531,,,,,
26-05-2022,77.636,,,,,
27-05-2022,77.624,,,,,
30-05-2022,77.554,,,,,
31-05-2022,77.598,,,,,
01-06-2022,77.56,,,,,
02-06-2022,77.399,,,,,
03-06-2022,77.615,,,,,
06-06-2022,77.814,,,,,
07-06-2022,77.664,,,,,
08-06-2022,77.709,,,,,
09-06-2022,77.815,,,,,
10-06-2022,78.144,,,,,
13-06-2022,78.104,,,,,
14-06-2022,78.022,,,,,
15-06-2022,78.171,,,,,
16-06-2022,77.977,,,,,
17-06-2022,77.952,,,,,
20-06-2022,77.927,,,,,
21-06-2022,78.133,,,,,
22-06-2022,78.18,,,,,
23-06-2022,78.145,,,,,
24-06-2022,78.255,,,,,
27-06-2022,78.44,,,,,
28-06-2022,78.995,,,,,
29-06-2022,78.945,,,,,
30-06-2022,78.965,,,,,
01-07-2022,78.956,,,,,
04-07-2022,78.939,,,,,
05-07-2022,79.298,,,,,
06-07-2022,79.047,,,,,
07-07-2022,79.175,,,,,
08-07-2022,79.26,,,,,
11-07-2022,79.41,,,,,
12-07-2022,79.45,,,,,
13-07-2022,79.65,,,,,
14-07-2022,79.89,,,,,
15-07-2022,79.76,,,,,
18-07-2022,79.99,,,,,
19-07-2022,79.85,,,,,
20-07-2022,79.98,,,,,
21-07-2022,79.85,,,,,
22-07-2022,79.83,,,,,
25-07-2022,79.691,,,,,
26-07-2022,79.843,,,,,
27-07-2022,79.845,,,,,
28-07-2022,79.626,,,,,
29-07-2022,79.336,,,,,
01-08-2022,78.959,,,,,
02-08-2022,78.587,,,,,
03-08-2022,79.108,,,,,
04-08-2022,79.16,,,,,
05-08-2022,79.36,,,,,
08-08-2022,79.584,,,,,
09-08-2022,79.563,,,,,
10-08-2022,79.09,,,,,
11-08-2022,79.58,,,,,
12-08-2022,79.641,,,,,
15-08-2022,79.518,,,,,
16-08-2022,79.248,,,,,
17-08-2022,79.35,,,,,
18-08-2022,79.75,,,,,
19-08-2022,79.92,,,,,
22-08-2022,79.85,,,,,
23-08-2022,79.847,,,,,
24-08-2022,79.78,,,,,
25-08-2022,79.862,,,,,
26-08-2022,79.961,,,,,
29-08-2022,79.954,,,,,
30-08-2022,79.665,,,,,
31-08-2022,79.491,,,,,
01-09-2022,79.673,,,,,
02-09-2022,79.717,,,,,
05-09-2022,79.783,,,,,
06-09-2022,79.87,,,,,
07-09-2022,79.63,,,,,
08-09-2022,79.667,,,,,
09-09-2022,79.635,,,,,
12-09-2022,79.35,,,,,
13-09-2022,79.577,,,,,
14-09-2022,79.431,,,,,
15-09-2022,79.839,,,,,
16-09-2022,79.686,,,,,
19-09-2022,79.693,,,,,
20-09-2022,79.751,,,,,
21-09-2022,79.907,,,,,
22-09-2022,81.047,,,,,
23-09-2022,81.25,,,,,
26-09-2022,81.61,,,,,
27-09-2022,81.705,,,,,
28-09-2022,81.406,,,,,
29-09-2022,81.461,,,,,
30-09-2022,81.509,,,,,
03-10-2022,81.494,,,,,
04-10-2022,81.451,,,,,
05-10-2022,81.631,,,,,
06-10-2022,82.06,,,,,
07-10-2022,82.82,,,,,
10-10-2022,82.37,,,,,
11-10-2022,82.256,,,,,
12-10-2022,82.159,,,,,
13-10-2022,82.172,,,,,
14-10-2022,82.34,,,,,
17-10-2022,82.171,,,,,
18-10-2022,82.291,,,,,
19-10-2022,83.013,,,,,
20-10-2022,82.82,,,,,
21-10-2022,82.529,,,,,
24-10-2022,82.744,,,,,
25-10-2022,82.515,,,,,
26-10-2022,81.901,,,,,
27-10-2022,82.368,,,,,
28-10-2022,82.261,,,,,
31-10-2022,82.77,,,,,
01-11-2022,82.65,,,,,
02-11-2022,82.712,,,,,
03-11-2022,82.731,,,,,
04-11-2022,81.962,,,,,
07-11-2022,81.804,,,,,
08-11-2022,81.37,,,,,
09-11-2022,81.335,,,,,
10-11-2022,80.63,,,,,
11-11-2022,80.477,,,,,
14-11-2022,80.965,,,,,
15-11-2022,81.061,,,,,
16-11-2022,81.48,,,,,
17-11-2022,81.51,,,,,
18-11-2022,81.617,,,,,
21-11-2022,81.699,,,,,
22-11-2022,81.714,,,,,
23-11-2022,81.604,,,,,
24-11-2022,81.613,,,,,
25-11-2022,81.685,,,,,
28-11-2022,81.64,,,,,
29-11-2022,81.616,,,,,
30-11-2022,81.359,,,,,
01-12-2022,81.12,,,,,
02-12-2022,81.41,,,,,
05-12-2022,81.89,,,,,
06-12-2022,82.48,,,,,
07-12-2022,82.204,,,,,
08-12-2022,82.28,,,,,
09-12-2022,82.41,,,,,
12-12-2022,82.634,,,,,
13-12-2022,82.375,,,,,
14-12-2022,82.474,,,,,
15-12-2022,82.843,,,,,
16-12-2022,82.706,,,,,
19-12-2022,82.649,,,,,
20-12-2022,82.6,,,,,
21-12-2022,82.88,,,,,
22-12-2022,82.96,,,,,
23-12-2022,82.78,,,,,
26-12-2022,82.65,,,,,
27-12-2022,82.83,,,,,
28-12-2022,82.736,,,,,
29-12-2022,82.758,,,,,
30-12-2022,82.717,,,,,
02-01-2023,82.745,,,,,
03-01-2023,82.774,,,,,
04-01-2023,82.641,,,,,
05-01-2023,82.568,,,,,
06-01-2023,82.27,,,,,
09-01-2023,82.17,,,,,
10-01-2023,81.602,,,,,
11-01-2023,81.637,,,,,
12-01-2023,81.1,,,,,
13-01-2023,81.28,,,,,
16-01-2023,81.628,,,,,
17-01-2023,81.63,,,,,
18-01-2023,81.44,,,,,
19-01-2023,81.24,,,,,
20-01-2023,80.979,,,,,
23-01-2023,81.478,,,,,
24-01-2023,81.594,,,,,
25-01-2023,81.491,,,,,
26-01-2023,81.418,,,,,
27-01-2023,81.51,,,,,
30-01-2023,81.52,,,,,
31-01-2023,81.739,,,,,
01-02-2023,81.73,,,,,
02-02-2023,82.039,,,,,
03-02-2023,82.206,,,,,
06-02-2023,82.74,,,,,
07-02-2023,82.86,,,,,
08-02-2023,82.65,,,,,
09-02-2023,82.511,,,,,
10-02-2023,82.51,,,,,
13-02-2023,82.592,,,,,
14-02-2023,82.91,,,,,
15-02-2023,82.75,,,,,
16-02-2023,82.71,,,,,
17-02-2023,82.75,,,,,
20-02-2023,82.693,,,,,
21-02-2023,82.844,,,,,
22-02-2023,82.83,,,,,
23-02-2023,82.59,,,,,
24-02-2023,82.897,,,,,
27-02-2023,82.642,,,,,
28-02-2023,82.64,,,,,
01-03-2023,82.43,,,,,
02-03-2023,82.35,,,,,
03-03-2023,81.68,,,,,
06-03-2023,81.81,,,,,
07-03-2023,82,,,,,
08-03-2023,81.95,,,,,
09-03-2023,82.02,,,,,
10-03-2023,81.96,,,,,
13-03-2023,82.235,,,,,
14-03-2023,82.245,,,,,
15-03-2023,82.88,,,,,
16-03-2023,82.62,,,,,
17-03-2023,82.52,,,,,
20-03-2023,82.51,,,,,
21-03-2023,82.677,,,,,
22-03-2023,82.505,,,,,
23-03-2023,82.236,,,,,
24-03-2023,82.334,,,,,
27-03-2023,82.18,,,,,
28-03-2023,82.172,,,,,
29-03-2023,82.178,,,,,
30-03-2023,82.08,,,,,
31-03-2023,82.16,,,,,
03-04-2023,82.19,,,,,
04-04-2023,82.09,,,,,
05-04-2023,81.92,,,,,
06-04-2023,81.82,,,,,
07-04-2023,81.86,,,,,
10-04-2023,81.965,,,,,
11-04-2023,82.04,,,,,
12-04-2023,81.93,,,,,
13-04-2023,81.65,,,,,
14-04-2023,81.82,,,,,
17-04-2023,81.98,,,,,
18-04-2023,82.08,,,,,
19-04-2023,82.265,,,,,
20-04-2023,82.12,,,,,
21-04-2023,82.03,,,,,
24-04-2023,81.95,,,,,
25-04-2023,81.965,,,,,
26-04-2023,81.74,,,,,
27-04-2023,81.695,,,,,
28-04-2023,81.72,,,,,
01-05-2023,81.77,,,,,
02-05-2023,81.75,,,,,
03-05-2023,81.755,,,,,
04-05-2023,81.71,,,,,
05-05-2023,81.7,,,,,
08-05-2023,81.77,,,,,
09-05-2023,82.1,,,,,
10-05-2023,81.9,,,,,
11-05-2023,82.09,,,,,
12-05-2023,82.173,,,,,
15-05-2023,82.237,,,,,
16-05-2023,82.264,,,,,
17-05-2023,82.4,,,,,
18-05-2023,82.72,,,,,
19-05-2023,82.878,,,,,
22-05-2023,82.84,,,,,
23-05-2023,82.83,,,,,
24-05-2023,82.67,,,,,
25-05-2023,82.733,,,,,
26-05-2023,82.57,,,,,
29-05-2023,82.586,,,,,
30-05-2023,82.665,,,,,
31-05-2023,82.68,,,,,
01-06-2023,82.266,,,,,
02-06-2023,82.398,,,,,
05-06-2023,82.52,,,,,
06-06-2023,82.51,,,,,
07-06-2023,82.5,,,,,
08-06-2023,82.488,,,,,
09-06-2023,82.44,,,,,
12-06-2023,82.39,,,,,
13-06-2023,82.229,,,,,
14-06-2023,81.95,,,,,
15-06-2023,81.9,,,,,
16-06-2023,81.91,,,,,
19-06-2023,81.91,,,,,
20-06-2023,82,,,,,
21-06-2023,81.93,,,,,
22-06-2023,81.95,,,,,
23-06-2023,81.98,,,,,
26-06-2023,81.97,,,,,
27-06-2023,81.983,,,,,
28-06-2023,82.02,,,,,
29-06-2023,82.1,,,,,
30-06-2023,82.091,,,,,
03-07-2023,81.94,,,,,
04-07-2023,81.946,,,,,
05-07-2023,82.397,,,,,
06-07-2023,82.758,,,,,
07-07-2023,82.61,,,,,
10-07-2023,82.52,,,,,
11-07-2023,82.39,,,,,
12-07-2023,81.98,,,,,
13-07-2023,82.04,,,,,
14-07-2023,82.049,,,,,
17-07-2023,82.04,,,,,
18-07-2023,82.06,,,,,
19-07-2023,82.05,,,,,
20-07-2023,82.07,,,,,
21-07-2023,81.98,,,,,
24-07-2023,81.79,,,,,
25-07-2023,81.85,,,,,
26-07-2023,81.95,,,,,
27-07-2023,82.15,,,,,
28-07-2023,82.225,,,,,
31-07-2023,82.24,,,,,
01-08-2023,82.34,,,,,
02-08-2023,82.73,,,,,
03-08-2023,82.75,,,,,
04-08-2023,82.668,,,,,
07-08-2023,82.75,,,,,
08-08-2023,82.853,,,,,
09-08-2023,82.844,,,,,
10-08-2023,82.616,,,,,
11-08-2023,82.87,,,,,
14-08-2023,83.17,,,,,
15-08-2023,83.212,,,,,
16-08-2023,83.209,,,,,
17-08-2023,83.13,,,,,
18-08-2023,83.14,,,,,
21-08-2023,83.09,,,,,
22-08-2023,83.04,,,,,
23-08-2023,82.508,,,,,
24-08-2023,82.58,,,,,
25-08-2023,82.637,,,,,
28-08-2023,82.6,,,,,
29-08-2023,82.574,,,,,
30-08-2023,82.607,,,,,
31-08-2023,82.702,,,,,
01-09-2023,82.689,,,,,
04-09-2023,82.715,,,,,
05-09-2023,83.033,,,,,
06-09-2023,83.197,,,,,
07-09-2023,83.15,,,,,
08-09-2023,83.004,,,,,
11-09-2023,82.9,,,,,
12-09-2023,82.85,,,,,
13-09-2023,82.934,,,,,
14-09-2023,83.01,,,,,
15-09-2023,83.069,,,,,
18-09-2023,83.27,,,,,
19-09-2023,83.31,,,,,
20-09-2023,82.92,,,,,
21-09-2023,83.102,,,,,
22-09-2023,82.97,,,,,
25-09-2023,83.13,,,,,
26-09-2023,83.23,,,,,
27-09-2023,83.181,,,,,
28-09-2023,83.15,,,,,
29-09-2023,83.03,,,,,
02-10-2023,83.174,,,,,
03-10-2023,83.214,,,,,
04-10-2023,83.25,,,,,
05-10-2023,83.2,,,,,
06-10-2023,83.118,,,,,
09-10-2023,83.254,,,,,
10-10-2023,83.162,,,,,
11-10-2023,83.16,,,,,
12-10-2023,83.29,,,,,
13-10-2023,83.255,,,,,
16-10-2023,83.19,,,,,
17-10-2023,83.24,,,,,
18-10-2023,83.29,,,,,
19-10-2023,83.097,,,,,
20-10-2023,83.15,,,,,
23-10-2023,83.071,,,,,
24-10-2023,83.01,,,,,
25-10-2023,83.14,,,,,
26-10-2023,83.243,,,,,
27-10-2023,83.265,,,,,
30-10-2023,83.25,,,,,
31-10-2023,83.256,,,,,
01-11-2023,83.237,,,,,
02-11-2023,83.234,,,,,
03-11-2023,83.14,,,,,
06-11-2023,83.218,,,,,
07-11-2023,83.23,,,,,
08-11-2023,83.213,,,,,
09-11-2023,83.315,,,,,
10-11-2023,83.309,,,,,
13-11-2023,83.18,,,,,
14-11-2023,82.973,,,,,
15-11-2023,83.188,,,,,
16-11-2023,83.152,,,,,
17-11-2023,83.244,,,,,
20-11-2023,83.317,,,,,
21-11-2023,83.308,,,,,
22-11-2023,83.287,,,,,
23-11-2023,83.305,,,,,
24-11-2023,83.34,,,,,
27-11-2023,83.33,,,,,
28-11-2023,83.34,,,,,
29-11-2023,83.352,,,,,
30-11-2023,83.357,,,,,
01-12-2023,83.26,,,,,
04-12-2023,83.426,,,,,
05-12-2023,83.32,,,,,
06-12-2023,83.332,,,,,
07-12-2023,83.343,,,,,
08-12-2023,83.425,,,,,
11-12-2023,83.35,,,,,
12-12-2023,83.396,,,,,
13-12-2023,83.35,,,,,
14-12-2023,83.307,,,,,
15-12-2023,83.02,,,,,
18-12-2023,83.144,,,,,
19-12-2023,83.106,,,,,
20-12-2023,83.139,,,,,
21-12-2023,83.214,,,,,
22-12-2023,83.166,,,,,
25-12-2023,83.164,,,,,
26-12-2023,83.158,,,,,
27-12-2023,83.263,,,,,
28-12-2023,83.169,,,,,
29-12-2023,83.19,,,,,
01-01-2024,83.238,,,,,
02-01-2024,83.27,,,,,
03-01-2024,83.282,,,,,
04-01-2024,83.243,,,,,
05-01-2024,83.103,,,,,
08-01-2024,83.045,,,,,
09-01-2024,83.109,,,,,
10-01-2024,83.023,,,,,
11-01-2024,83.063,,,,,
12-01-2024,82.857,,,,,
15-01-2024,82.827,,,,,
16-01-2024,83.084,,,,,
17-01-2024,83.182,,,,,
18-01-2024,83.165,,,,,
19-01-2024,83.086,,,,,
22-01-2024,83.1,,,,,
23-01-2024,83.15,,,,,
24-01-2024,83.13,,,,,
25-01-2024,83.144,,,,,
26-01-2024,83.115,,,,,
29-01-2024,83.134,,,,,
30-01-2024,83.12,,,,,
31-01-2024,83.095,,,,,
01-02-2024,82.947,,,,,
02-02-2024,82.999,,,,,
05-02-2024,83.036,,,,,
06-02-2024,83.062,,,,,
07-02-2024,82.977,,,,,
08-02-2024,82.978,,,,,
09-02-2024,83,,,,,
12-02-2024,82.97,,,,,
13-02-2024,83.098,,,,,
14-02-2024,83.034,,,,,
15-02-2024,82.988,,,,,
16-02-2024,83.013,,,,,
19-02-2024,83.026,,,,,
20-02-2024,82.89,,,,,
21-02-2024,82.93,,,,,
22-02-2024,82.837,,,,,
23-02-2024,82.859,,,,,
26-02-2024,82.846,,,,,
27-02-2024,82.877,,,,,
28-02-2024,82.9,,,,,
29-02-2024,82.9,,,,,
01-03-2024,82.841,,,,,
04-03-2024,82.911,,,,,
05-03-2024,82.891,,,,,
06-03-2024,82.78,,,,,
07-03-2024,82.708,,,,,
08-03-2024,82.739,,,,,
11-03-2024,82.72,,,,,
12-03-2024,82.786,,,,,
13-03-2024,82.82,,,,,
14-03-2024,82.915,,,,,
15-03-2024,82.883,,,,,
18-03-2024,82.9,,,,,
19-03-2024,83.007,,,,,
20-03-2024,83.173,,,,,
21-03-2024,83.174,,,,,
22-03-2024,83.582,,,,,
25-03-2024,83.405,,,,,
26-03-2024,83.309,,,,,
27-03-2024,83.294,,,,,
28-03-2024,83.352,,,,,
29-03-2024,83.35,,,,,
01-04-2024,83.36,,,,,
02-04-2024,83.322,,,,,
03-04-2024,83.504,,,,,
04-04-2024,83.34,,,,,
05-04-2024,83.293,,,,,
08-04-2024,83.27,,,,,
09-04-2024,83.182,,,,,
10-04-2024,83.389,,,,,
11-04-2024,83.324,,,,,
12-04-2024,83.54,,,,,
15-04-2024,83.484,,,,,
16-04-2024,83.637,,,,,
17-04-2024,83.65,,,,,
18-04-2024,83.53,,,,,
19-04-2024,83.358,,,,,
22-04-2024,83.36,,,,,
23-04-2024,83.269,,,,,
24-04-2024,83.319,,,,,
25-04-2024,83.31,,,,,
26-04-2024,83.4,,,,,
29-04-2024,83.41,,,,,
30-04-2024,83.45,,,,,
01-05-2024,83.455,,,,,
02-05-2024,83.435,,,,,
03-05-2024,83.376,,,,,
06-05-2024,83.48,,,,,
07-05-2024,83.458,,,,,
08-05-2024,83.462,,,,,
09-05-2024,83.441,,,,,
10-05-2024,83.541,,,,,
13-05-2024,83.46,,,,,
14-05-2024,83.482,,,,,
15-05-2024,83.411,,,,,
16-05-2024,83.45,,,,,
17-05-2024,83.28,,,,,
20-05-2024,83.28,,,,,
21-05-2024,83.25,,,,,
22-05-2024,83.22,,,,,
23-05-2024,83.24,,,,,
24-05-2024,83.06,,,,,
27-05-2024,83.102,,,,,
28-05-2024,83.16,,,,,
29-05-2024,83.34,,,,,
30-05-2024,83.28,,,,,
31-05-2024,83.424,,,,,
03-06-2024,83.083,,,,,
04-06-2024,83.524,,,,,
05-06-2024,83.37,,,,,
06-06-2024,83.466,,,,,
07-06-2024,83.521,,,,,
10-06-2024,83.5,,,,,
11-06-2024,83.6,,,,,
12-06-2024,83.43,,,,,
13-06-2024,83.54,,,,,
14-06-2024,83.547,,,,,
17-06-2024,83.5,,,,,
18-06-2024,83.33,,,,,
19-06-2024,83.46,,,,,
20-06-2024,83.62,,,,,
21-06-2024,83.558,,,,,
24-06-2024,83.45,,,,,
25-06-2024,83.403,,,,,
26-06-2024,83.56,,,,,
27-06-2024,83.438,,,,,
28-06-2024,83.355,,,,,
01-07-2024,83.438,,,,,
02-07-2024,83.5,,,,,
03-07-2024,83.52,,,,,
04-07-2024,83.475,,,,,
05-07-2024,83.5,,,,,
08-07-2024,83.5,,,,,
09-07-2024,83.465,,,,,
10-07-2024,83.51,,,,,
11-07-2024,83.507,,,,,
12-07-2024,83.513,,,,,
15-07-2024,83.551,,,,,
16-07-2024,83.524,,,,,
17-07-2024,83.58,,,,,
18-07-2024,83.58,,,,,
19-07-2024,83.724,,,,,
22-07-2024,83.651,,,,,
23-07-2024,83.676,,,,,
24-07-2024,83.71,,,,,
25-07-2024,83.72,,,,,
26-07-2024,83.703,,,,,
29-07-2024,83.748,,,,,
30-07-2024,83.72,,,,,
31-07-2024,83.699,,,,,
01-08-2024,83.71,,,,,
02-08-2024,83.794,,,,,
05-08-2024,84.018,,,,,
06-08-2024,83.93,,,,,
07-08-2024,83.885,,,,,
08-08-2024,83.99,,,,,
09-08-2024,83.945,,,,,
12-08-2024,83.93,,,,,
13-08-2024,83.91,,,,,
14-08-2024,83.96,,,,,
15-08-2024,83.94,,,,,
16-08-2024,83.88,,,,,
19-08-2024,83.85,,,,,
20-08-2024,83.75,,,,,
21-08-2024,83.87,,,,,
22-08-2024,83.93,,,,,
23-08-2024,83.809,,,,,
26-08-2024,83.84,,,,,
27-08-2024,83.91,,,,,
28-08-2024,83.9,,,,,
29-08-2024,83.88,,,,,
30-08-2024,83.867,,,,,
02-09-2024,83.88,,,,,
03-09-2024,83.95,,,,,
04-09-2024,83.96,,,,,
05-09-2024,83.961,,,,,
06-09-2024,83.985,,,,,
09-09-2024,83.928,,,,,
10-09-2024,83.949,,,,,
11-09-2024,83.96,,,,,
12-09-2024,83.92,,,,,
13-09-2024,83.88,,,,,
16-09-2024,83.84,,,,,
17-09-2024,83.747,,,,,
18-09-2024,83.65,,,,,
19-09-2024,83.62,,,,,
20-09-2024,83.485,,,,,
23-09-2024,83.53,,,,,
24-09-2024,83.6,,,,,
25-09-2024,83.6,,,,,
26-09-2024,83.601,,,,,
27-09-2024,83.71,,,,,
30-09-2024,83.755,,,,,
01-10-2024,83.9,,,,,
02-10-2024,83.92,,,,,
03-10-2024,83.99,,,,,
04-10-2024,84.023,,,,,
07-10-2024,83.98,,,,,
08-10-2024,83.945,,,,,
09-10-2024,83.95,,,,,
10-10-2024,83.94,,,,,
11-10-2024,84.101,,,,,
14-10-2024,84.045,,,,,
15-10-2024,84.04,,,,,
16-10-2024,84.03,,,,,
17-10-2024,84.035,,,,,
18-10-2024,84.065,,,,,
21-10-2024,84.07,,,,,
22-10-2024,84.07,,,,,
23-10-2024,84.056,,,,,
24-10-2024,84.05,,,,,
25-10-2024,84.095,,,,,
28-10-2024,84.06,,,,,
29-10-2024,84.05,,,,,
30-10-2024,84.08,,,,,
31-10-2024,84.061,,,,,
01-11-2024,84.08,,,,,
04-11-2024,84.13,,,,,
05-11-2024,84.109,,,,,
06-11-2024,84.31,,,,,
07-11-2024,84.293,,,,,
08-11-2024,84.395,,,,,
11-11-2024,84.379,,,,,
12-11-2024,84.38,,,,,
13-11-2024,84.416,,,,,
14-11-2024,84.461,,,,,
15-11-2024,84.424,,,,,
18-11-2024,84.398,,,,,
19-11-2024,84.39,,,,,
20-11-2024,84.36,,,,,
21-11-2024,84.495,,,,,
22-11-2024,84.426,,,,,
25-11-2024,84.26,,,,,
26-11-2024,84.319,,,,,
27-11-2024,84.41,,,,,
28-11-2024,84.445,,,,,
29-11-2024,84.559,,,,,
02-12-2024,84.74,,,,,
03-12-2024,84.676,,,,,
04-12-2024,84.693,,,,,
05-12-2024,84.684,,,,,
06-12-2024,84.668,,,,,
09-12-2024,84.829,,,,,
10-12-2024,84.88,,,,,
11-12-2024,84.795,,,,,
12-12-2024,84.825,,,,,
13-12-2024,84.782,,,,,
16-12-2024,84.89,,,,,
17-12-2024,84.902,,,,,
18-12-2024,84.867,,,,,
19-12-2024,85.088,,,,,
20-12-2024,84.947,,,,,
23-12-2024,85.095,,,,,
24-12-2024,85.176,,,,,
25-12-2024,85.198,,,,,
26-12-2024,85.254,,,,,
27-12-2024,85.388,,,,,
30-12-2024,85.474,,,,,
31-12-2024,85.554,,,,,
01-01-2025,85.645,,,,,
02-01-2025,85.76,,,,,
03-01-2025,85.761,,,,,
06-01-2025,85.7,,,,,
07-01-2025,85.803,,,,,
08-01-2025,85.917,,,,,
09-01-2025,85.89,,,,,
10-01-2025,86.165,,,,,
13-01-2025,86.646,,,,,
14-01-2025,86.525,,,,,
15-01-2025,86.38,,,,,
16-01-2025,86.57,,,,,
17-01-2025,86.571,,,,,
20-01-2025,86.209,,,,,
21-01-2025,86.452,,,,,
22-01-2025,86.45,,,,,
23-01-2025,86.43,,,,,
24-01-2025,86.2,,,,,
27-01-2025,86.35,,,,,
28-01-2025,86.584,,,,,
29-01-2025,86.63,,,,,
30-01-2025,86.545,,,,,
31-01-2025,86.536,,,,,
03-02-2025,86.96,,,,,
04-02-2025,87.07,,,,,
05-02-2025,87.336,,,,,
06-02-2025,87.58,,,,,
07-02-2025,87.627,,,,,
10-02-2025,87.469,,,,,
11-02-2025,86.789,,,,,
12-02-2025,86.9,,,,,
13-02-2025,86.69,,,,,
14-02-2025,86.62,,,,,
17-02-2025,86.809,,,,,
18-02-2025,86.867,,,,,
19-02-2025,86.89,,,,,
20-02-2025,86.561,,,,,
21-02-2025,86.572,,,,,
24-02-2025,86.66,,,,,
25-02-2025,87.13,,,,,
26-02-2025,87.113,,,,,
27-02-2025,87.33,,,,,
28-02-2025,87.466,,,,,
03-03-2025,87.26,,,,,
04-03-2025,87.255,,,,,
05-03-2025,86.88,,,,,
06-03-2025,87.011,,,,,
07-03-2025,87.1,,,,,
10-03-2025,87.29,,,,,
11-03-2025,87.176,,,,,
12-03-2025,87.15,,,,,
13-03-2025,86.897,,,,,
14-03-2025,86.941,,,,,
17-03-2025,86.69,,,,,
18-03-2025,86.51,,,,,
19-03-2025,86.31,,,,,
20-03-2025,86.32,,,,,
21-03-2025,85.99,,,,,
24-03-2025,85.56,,,,,
25-03-2025,85.583,,,,,
26-03-2025,85.625,,,,,
27-03-2025,85.64,,,,,
28-03-2025,85.534,,,,,
31-03-2025,85.45,,,,,
