Date,USD_Spot_Price,,,,,
01-04-2015,1204.10,,,,,
02-04-2015,1202.59,,,,,
03-04-2015,1210.90,,,,,
06-04-2015,1214.70,,,,,
07-04-2015,1208.60,,,,,
08-04-2015,1202.80,,,,,
09-04-2015,1195.01,,,,,
10-04-2015,1208.05,,,,,
13-04-2015,1198.85,,,,,
14-04-2015,1193.58,,,,,
15-04-2015,1202.05,,,,,
16-04-2015,1197.65,,,,,
17-04-2015,1204.65,,,,,
20-04-2015,1196.50,,,,,
21-04-2015,1202.68,,,,,
22-04-2015,1187.30,,,,,
23-04-2015,1194.00,,,,,
24-04-2015,1179.38,,,,,
27-04-2015,1202.00,,,,,
28-04-2015,1212.10,,,,,
29-04-2015,1204.80,,,,,
30-04-2015,1184.37,,,,,
01-05-2015,1178.50,,,,,
04-05-2015,1188.25,,,,,
05-05-2015,1193.33,,,,,
06-05-2015,1191.80,,,,,
07-05-2015,1184.80,,,,,
08-05-2015,1188.15,,,,,
11-05-2015,1184.20,,,,,
12-05-2015,1193.50,,,,,
13-05-2015,1215.73,,,,,
14-05-2015,1221.52,,,,,
15-05-2015,1223.85,,,,,
18-05-2015,1225.74,,,,,
19-05-2015,1207.51,,,,,
20-05-2015,1209.28,,,,,
21-05-2015,1206.45,,,,,
22-05-2015,1206.38,,,,,
25-05-2015,1207.17,,,,,
26-05-2015,1187.30,,,,,
27-05-2015,1188.15,,,,,
28-05-2015,1188.45,,,,,
29-05-2015,1190.50,,,,,
01-06-2015,1189.15,,,,,
02-06-2015,1193.38,,,,,
03-06-2015,1185.50,,,,,
04-06-2015,1176.26,,,,,
05-06-2015,1172.00,,,,,
08-06-2015,1173.95,,,,,
09-06-2015,1176.70,,,,,
10-06-2015,1186.48,,,,,
11-06-2015,1182.30,,,,,
12-06-2015,1180.80,,,,,
15-06-2015,1186.40,,,,,
16-06-2015,1181.86,,,,,
17-06-2015,1185.45,,,,,
18-06-2015,1201.42,,,,,
19-06-2015,1200.51,,,,,
22-06-2015,1185.45,,,,,
23-06-2015,1178.44,,,,,
24-06-2015,1175.20,,,,,
25-06-2015,1173.33,,,,,
26-06-2015,1175.07,,,,,
29-06-2015,1180.36,,,,,
30-06-2015,1172.60,,,,,
01-07-2015,1168.80,,,,,
02-07-2015,1166.15,,,,,
03-07-2015,1167.94,,,,,
06-07-2015,1170.15,,,,,
07-07-2015,1155.55,,,,,
08-07-2015,1158.28,,,,,
09-07-2015,1159.65,,,,,
10-07-2015,1163.96,,,,,
13-07-2015,1158.00,,,,,
14-07-2015,1155.53,,,,,
15-07-2015,1149.65,,,,,
16-07-2015,1145.15,,,,,
17-07-2015,1134.10,,,,,
20-07-2015,1096.95,,,,,
21-07-2015,1101.41,,,,,
22-07-2015,1093.45,,,,,
23-07-2015,1090.80,,,,,
24-07-2015,1099.10,,,,,
27-07-2015,1094.42,,,,,
28-07-2015,1095.35,,,,,
29-07-2015,1096.69,,,,,
30-07-2015,1088.99,,,,,
31-07-2015,1095.65,,,,,
03-08-2015,1086.50,,,,,
04-08-2015,1087.45,,,,,
05-08-2015,1085.05,,,,,
06-08-2015,1089.41,,,,,
07-08-2015,1094.20,,,,,
10-08-2015,1104.51,,,,,
11-08-2015,1109.01,,,,,
12-08-2015,1125.30,,,,,
13-08-2015,1115.05,,,,,
14-08-2015,1114.11,,,,,
17-08-2015,1117.66,,,,,
18-08-2015,1118.01,,,,,
19-08-2015,1134.46,,,,,
20-08-2015,1153.16,,,,,
21-08-2015,1161.05,,,,,
24-08-2015,1155.05,,,,,
25-08-2015,1140.65,,,,,
26-08-2015,1125.55,,,,,
27-08-2015,1125.71,,,,,
28-08-2015,1133.96,,,,,
31-08-2015,1134.50,,,,,
01-09-2015,1140.11,,,,,
02-09-2015,1134.05,,,,,
03-09-2015,1125.25,,,,,
04-09-2015,1123.00,,,,,
07-09-2015,1119.47,,,,,
08-09-2015,1121.80,,,,,
09-09-2015,1106.10,,,,,
10-09-2015,1111.55,,,,,
11-09-2015,1107.90,,,,,
14-09-2015,1108.80,,,,,
15-09-2015,1105.40,,,,,
16-09-2015,1119.55,,,,,
17-09-2015,1131.40,,,,,
18-09-2015,1139.40,,,,,
21-09-2015,1133.30,,,,,
22-09-2015,1124.80,,,,,
23-09-2015,1130.40,,,,,
24-09-2015,1154.01,,,,,
25-09-2015,1146.24,,,,,
28-09-2015,1132.05,,,,,
29-09-2015,1127.46,,,,,
30-09-2015,1115.00,,,,,
01-10-2015,1113.55,,,,,
02-10-2015,1138.14,,,,,
05-10-2015,1135.75,,,,,
06-10-2015,1147.11,,,,,
07-10-2015,1145.40,,,,,
08-10-2015,1138.96,,,,,
09-10-2015,1157.53,,,,,
12-10-2015,1164.00,,,,,
13-10-2015,1168.80,,,,,
14-10-2015,1185.19,,,,,
15-10-2015,1183.11,,,,,
16-10-2015,1177.20,,,,,
19-10-2015,1170.45,,,,,
20-10-2015,1176.11,,,,,
21-10-2015,1167.10,,,,,
22-10-2015,1166.05,,,,,
23-10-2015,1164.26,,,,,
26-10-2015,1163.20,,,,,
27-10-2015,1166.95,,,,,
28-10-2015,1156.10,,,,,
29-10-2015,1145.91,,,,,
30-10-2015,1142.38,,,,,
02-11-2015,1133.75,,,,,
03-11-2015,1117.60,,,,,
04-11-2015,1107.44,,,,,
05-11-2015,1103.95,,,,,
06-11-2015,1088.64,,,,,
09-11-2015,1092.10,,,,,
10-11-2015,1089.91,,,,,
11-11-2015,1086.14,,,,,
12-11-2015,1085.05,,,,,
13-11-2015,1083.64,,,,,
16-11-2015,1082.85,,,,,
17-11-2015,1070.37,,,,,
18-11-2015,1071.14,,,,,
19-11-2015,1082.40,,,,,
20-11-2015,1078.10,,,,,
23-11-2015,1069.34,,,,,
24-11-2015,1075.49,,,,,
25-11-2015,1071.39,,,,,
26-11-2015,1072.25,,,,,
27-11-2015,1058.81,,,,,
30-11-2015,1064.42,,,,,
01-12-2015,1069.49,,,,,
02-12-2015,1053.69,,,,,
03-12-2015,1062.57,,,,,
04-12-2015,1086.99,,,,,
07-12-2015,1070.39,,,,,
08-12-2015,1074.69,,,,,
09-12-2015,1073.21,,,,,
10-12-2015,1071.54,,,,,
11-12-2015,1074.89,,,,,
14-12-2015,1062.90,,,,,
15-12-2015,1060.74,,,,,
16-12-2015,1072.94,,,,,
17-12-2015,1051.74,,,,,
18-12-2015,1066.19,,,,,
21-12-2015,1078.44,,,,,
22-12-2015,1072.36,,,,,
23-12-2015,1070.35,,,,,
24-12-2015,1075.88,,,,,
25-12-2015,1075.88,,,,,
28-12-2015,1069.05,,,,,
29-12-2015,1068.99,,,,,
30-12-2015,1061.45,,,,,
31-12-2015,1061.30,,,,,
01-01-2016,1060.74,,,,,
04-01-2016,1074.70,,,,,
05-01-2016,1077.66,,,,,
06-01-2016,1094.45,,,,,
07-01-2016,1109.25,,,,,
08-01-2016,1104.24,,,,,
11-01-2016,1094.26,,,,,
12-01-2016,1087.05,,,,,
13-01-2016,1093.49,,,,,
14-01-2016,1078.00,,,,,
15-01-2016,1089.10,,,,,
18-01-2016,1088.90,,,,,
19-01-2016,1087.12,,,,,
20-01-2016,1101.02,,,,,
21-01-2016,1101.60,,,,,
22-01-2016,1098.30,,,,,
25-01-2016,1108.05,,,,,
26-01-2016,1120.57,,,,,
27-01-2016,1125.59,,,,,
28-01-2016,1115.14,,,,,
29-01-2016,1118.04,,,,,
01-02-2016,1128.85,,,,,
02-02-2016,1129.12,,,,,
03-02-2016,1142.93,,,,,
04-02-2016,1155.74,,,,,
05-02-2016,1173.69,,,,,
08-02-2016,1191.14,,,,,
09-02-2016,1188.85,,,,,
10-02-2016,1197.49,,,,,
11-02-2016,1246.89,,,,,
12-02-2016,1238.05,,,,,
15-02-2016,1209.95,,,,,
16-02-2016,1200.35,,,,,
17-02-2016,1209.14,,,,,
18-02-2016,1232.35,,,,,
19-02-2016,1228.19,,,,,
22-02-2016,1208.74,,,,,
23-02-2016,1227.46,,,,,
24-02-2016,1229.35,,,,,
25-02-2016,1234.64,,,,,
26-02-2016,1222.60,,,,,
29-02-2016,1238.14,,,,,
01-03-2016,1232.26,,,,,
02-03-2016,1240.30,,,,,
03-03-2016,1263.69,,,,,
04-03-2016,1259.44,,,,,
07-03-2016,1267.39,,,,,
08-03-2016,1261.10,,,,,
09-03-2016,1252.94,,,,,
10-03-2016,1271.44,,,,,
11-03-2016,1248.44,,,,,
14-03-2016,1235.28,,,,,
15-03-2016,1232.38,,,,,
16-03-2016,1263.08,,,,,
17-03-2016,1257.90,,,,,
18-03-2016,1255.30,,,,,
21-03-2016,1243.74,,,,,
22-03-2016,1248.38,,,,,
23-03-2016,1220.17,,,,,
24-03-2016,1216.99,,,,,
25-03-2016,1216.47,,,,,
28-03-2016,1221.05,,,,,
29-03-2016,1242.55,,,,,
30-03-2016,1224.85,,,,,
31-03-2016,1232.70,,,,,
01-04-2016,1222.49,,,,,
04-04-2016,1215.40,,,,,
05-04-2016,1231.14,,,,,
06-04-2016,1222.35,,,,,
07-04-2016,1240.69,,,,,
08-04-2016,1240.39,,,,,
11-04-2016,1257.95,,,,,
12-04-2016,1255.94,,,,,
13-04-2016,1243.14,,,,,
14-04-2016,1227.39,,,,,
15-04-2016,1234.05,,,,,
18-04-2016,1231.55,,,,,
19-04-2016,1250.50,,,,,
20-04-2016,1244.05,,,,,
21-04-2016,1248.85,,,,,
22-04-2016,1232.30,,,,,
25-04-2016,1237.90,,,,,
26-04-2016,1243.44,,,,,
27-04-2016,1246.10,,,,,
28-04-2016,1266.48,,,,,
29-04-2016,1293.74,,,,,
02-05-2016,1291.60,,,,,
03-05-2016,1286.00,,,,,
04-05-2016,1279.49,,,,,
05-05-2016,1278.05,,,,,
06-05-2016,1288.70,,,,,
09-05-2016,1263.85,,,,,
10-05-2016,1266.40,,,,,
11-05-2016,1277.69,,,,,
12-05-2016,1263.49,,,,,
13-05-2016,1273.60,,,,,
16-05-2016,1273.86,,,,,
17-05-2016,1280.00,,,,,
18-05-2016,1258.30,,,,,
19-05-2016,1255.10,,,,,
20-05-2016,1252.30,,,,,
23-05-2016,1249.24,,,,,
24-05-2016,1227.00,,,,,
25-05-2016,1224.18,,,,,
26-05-2016,1220.15,,,,,
27-05-2016,1212.40,,,,,
30-05-2016,1205.58,,,,,
31-05-2016,1215.24,,,,,
01-06-2016,1213.35,,,,,
02-06-2016,1210.95,,,,,
03-06-2016,1244.49,,,,,
06-06-2016,1245.24,,,,,
07-06-2016,1243.85,,,,,
08-06-2016,1262.14,,,,,
09-06-2016,1269.15,,,,,
10-06-2016,1274.20,,,,,
13-06-2016,1284.05,,,,,
14-06-2016,1285.85,,,,,
15-06-2016,1291.49,,,,,
16-06-2016,1279.14,,,,,
17-06-2016,1298.60,,,,,
20-06-2016,1290.15,,,,,
21-06-2016,1268.44,,,,,
22-06-2016,1266.31,,,,,
23-06-2016,1255.65,,,,,
24-06-2016,1315.98,,,,,
27-06-2016,1324.80,,,,,
28-06-2016,1312.51,,,,,
29-06-2016,1318.89,,,,,
30-06-2016,1322.18,,,,,
01-07-2016,1342.30,,,,,
04-07-2016,1350.78,,,,,
05-07-2016,1356.14,,,,,
06-07-2016,1363.89,,,,,
07-07-2016,1360.60,,,,,
08-07-2016,1366.80,,,,,
11-07-2016,1355.25,,,,,
12-07-2016,1331.65,,,,,
13-07-2016,1342.85,,,,,
14-07-2016,1335.10,,,,,
15-07-2016,1337.85,,,,,
18-07-2016,1328.79,,,,,
19-07-2016,1332.13,,,,,
20-07-2016,1315.95,,,,,
21-07-2016,1331.09,,,,,
22-07-2016,1322.38,,,,,
25-07-2016,1315.56,,,,,
26-07-2016,1320.32,,,,,
27-07-2016,1339.86,,,,,
28-07-2016,1335.79,,,,,
29-07-2016,1350.91,,,,,
01-08-2016,1353.21,,,,,
02-08-2016,1363.68,,,,,
03-08-2016,1357.90,,,,,
04-08-2016,1361.20,,,,,
05-08-2016,1335.80,,,,,
08-08-2016,1335.38,,,,,
09-08-2016,1340.75,,,,,
10-08-2016,1346.67,,,,,
11-08-2016,1338.87,,,,,
12-08-2016,1336.19,,,,,
15-08-2016,1339.36,,,,,
16-08-2016,1346.08,,,,,
17-08-2016,1348.66,,,,,
18-08-2016,1352.34,,,,,
19-08-2016,1341.78,,,,,
22-08-2016,1339.02,,,,,
23-08-2016,1338.10,,,,,
24-08-2016,1323.75,,,,,
25-08-2016,1321.70,,,,,
26-08-2016,1321.33,,,,,
29-08-2016,1323.41,,,,,
30-08-2016,1311.15,,,,,
31-08-2016,1308.95,,,,,
01-09-2016,1313.79,,,,,
02-09-2016,1325.01,,,,,
05-09-2016,1327.08,,,,,
06-09-2016,1349.88,,,,,
07-09-2016,1345.24,,,,,
08-09-2016,1338.35,,,,,
09-09-2016,1328.15,,,,,
12-09-2016,1327.63,,,,,
13-09-2016,1319.05,,,,,
14-09-2016,1322.97,,,,,
15-09-2016,1314.25,,,,,
16-09-2016,1310.43,,,,,
19-09-2016,1313.39,,,,,
20-09-2016,1315.10,,,,,
21-09-2016,1336.85,,,,,
22-09-2016,1337.30,,,,,
23-09-2016,1337.61,,,,,
26-09-2016,1337.97,,,,,
27-09-2016,1327.36,,,,,
28-09-2016,1321.41,,,,,
29-09-2016,1320.27,,,,,
30-09-2016,1315.96,,,,,
03-10-2016,1311.96,,,,,
04-10-2016,1268.30,,,,,
05-10-2016,1266.70,,,,,
06-10-2016,1254.74,,,,,
07-10-2016,1256.97,,,,,
10-10-2016,1259.74,,,,,
11-10-2016,1253.25,,,,,
12-10-2016,1255.33,,,,,
13-10-2016,1258.12,,,,,
14-10-2016,1250.55,,,,,
17-10-2016,1255.70,,,,,
18-10-2016,1262.84,,,,,
19-10-2016,1269.40,,,,,
20-10-2016,1266.00,,,,,
21-10-2016,1266.75,,,,,
24-10-2016,1264.44,,,,,
25-10-2016,1274.35,,,,,
26-10-2016,1266.99,,,,,
27-10-2016,1268.30,,,,,
28-10-2016,1276.30,,,,,
31-10-2016,1277.38,,,,,
01-11-2016,1288.15,,,,,
02-11-2016,1297.39,,,,,
03-11-2016,1303.75,,,,,
04-11-2016,1304.25,,,,,
07-11-2016,1281.41,,,,,
08-11-2016,1275.64,,,,,
09-11-2016,1278.00,,,,,
10-11-2016,1259.76,,,,,
11-11-2016,1225.68,,,,,
14-11-2016,1220.26,,,,,
15-11-2016,1228.08,,,,,
16-11-2016,1225.30,,,,,
17-11-2016,1216.39,,,,,
18-11-2016,1208.69,,,,,
21-11-2016,1214.05,,,,,
22-11-2016,1212.24,,,,,
23-11-2016,1187.77,,,,,
24-11-2016,1184.00,,,,,
25-11-2016,1183.63,,,,,
28-11-2016,1193.44,,,,,
29-11-2016,1188.46,,,,,
30-11-2016,1173.11,,,,,
01-12-2016,1171.30,,,,,
02-12-2016,1176.92,,,,,
05-12-2016,1170.26,,,,,
06-12-2016,1169.74,,,,,
07-12-2016,1174.00,,,,,
08-12-2016,1170.55,,,,,
09-12-2016,1157.87,,,,,
12-12-2016,1162.21,,,,,
13-12-2016,1158.35,,,,,
14-12-2016,1144.25,,,,,
15-12-2016,1128.43,,,,,
16-12-2016,1134.09,,,,,
19-12-2016,1139.05,,,,,
20-12-2016,1132.20,,,,,
21-12-2016,1131.80,,,,,
22-12-2016,1128.69,,,,,
23-12-2016,1133.49,,,,,
26-12-2016,1133.94,,,,,
27-12-2016,1139.35,,,,,
28-12-2016,1142.45,,,,,
29-12-2016,1158.32,,,,,
30-12-2016,1151.85,,,,,
02-01-2017,1150.52,,,,,
03-01-2017,1158.91,,,,,
04-01-2017,1163.80,,,,,
05-01-2017,1180.48,,,,,
06-01-2017,1172.81,,,,,
09-01-2017,1181.27,,,,,
10-01-2017,1187.74,,,,,
11-01-2017,1191.85,,,,,
12-01-2017,1195.66,,,,,
13-01-2017,1197.66,,,,,
16-01-2017,1203.17,,,,,
17-01-2017,1216.54,,,,,
18-01-2017,1203.64,,,,,
19-01-2017,1205.14,,,,,
20-01-2017,1209.96,,,,,
23-01-2017,1217.48,,,,,
24-01-2017,1208.81,,,,,
25-01-2017,1200.31,,,,,
26-01-2017,1188.57,,,,,
27-01-2017,1191.60,,,,,
30-01-2017,1195.35,,,,,
31-01-2017,1210.63,,,,,
01-02-2017,1209.49,,,,,
02-02-2017,1215.93,,,,,
03-02-2017,1219.88,,,,,
06-02-2017,1235.59,,,,,
07-02-2017,1233.72,,,,,
08-02-2017,1241.99,,,,,
09-02-2017,1230.89,,,,,
10-02-2017,1234.12,,,,,
13-02-2017,1225.44,,,,,
14-02-2017,1228.61,,,,,
15-02-2017,1232.94,,,,,
16-02-2017,1239.14,,,,,
17-02-2017,1235.29,,,,,
20-02-2017,1238.38,,,,,
21-02-2017,1235.97,,,,,
22-02-2017,1237.69,,,,,
23-02-2017,1249.41,,,,,
24-02-2017,1256.94,,,,,
27-02-2017,1252.76,,,,,
28-02-2017,1248.59,,,,,
01-03-2017,1248.94,,,,,
02-03-2017,1235.30,,,,,
03-03-2017,1234.30,,,,,
06-03-2017,1225.96,,,,,
07-03-2017,1215.67,,,,,
08-03-2017,1207.58,,,,,
09-03-2017,1200.83,,,,,
10-03-2017,1204.55,,,,,
13-03-2017,1204.05,,,,,
14-03-2017,1199.08,,,,,
15-03-2017,1219.40,,,,,
16-03-2017,1226.78,,,,,
17-03-2017,1229.15,,,,,
20-03-2017,1233.90,,,,,
21-03-2017,1245.00,,,,,
22-03-2017,1249.35,,,,,
23-03-2017,1245.30,,,,,
24-03-2017,1244.17,,,,,
27-03-2017,1254.30,,,,,
28-03-2017,1251.63,,,,,
29-03-2017,1252.45,,,,,
30-03-2017,1243.30,,,,,
31-03-2017,1249.13,,,,,
03-04-2017,1253.35,,,,,
04-04-2017,1256.22,,,,,
05-04-2017,1255.30,,,,,
06-04-2017,1251.80,,,,,
07-04-2017,1254.05,,,,,
10-04-2017,1254.73,,,,,
11-04-2017,1274.44,,,,,
12-04-2017,1286.60,,,,,
13-04-2017,1287.74,,,,,
14-04-2017,1285.69,,,,,
17-04-2017,1284.80,,,,,
18-04-2017,1289.64,,,,,
19-04-2017,1279.66,,,,,
20-04-2017,1281.85,,,,,
21-04-2017,1284.50,,,,,
24-04-2017,1275.30,,,,,
25-04-2017,1263.76,,,,,
26-04-2017,1269.05,,,,,
27-04-2017,1264.60,,,,,
28-04-2017,1268.15,,,,,
01-05-2017,1256.80,,,,,
02-05-2017,1256.90,,,,,
03-05-2017,1238.38,,,,,
04-05-2017,1227.75,,,,,
05-05-2017,1227.74,,,,,
08-05-2017,1226.30,,,,,
09-05-2017,1221.30,,,,,
10-05-2017,1219.15,,,,,
11-05-2017,1224.85,,,,,
12-05-2017,1228.83,,,,,
15-05-2017,1230.71,,,,,
16-05-2017,1236.80,,,,,
17-05-2017,1260.74,,,,,
18-05-2017,1247.05,,,,,
19-05-2017,1255.55,,,,,
22-05-2017,1260.46,,,,,
23-05-2017,1251.16,,,,,
24-05-2017,1258.55,,,,,
25-05-2017,1255.76,,,,,
26-05-2017,1267.05,,,,,
29-05-2017,1266.97,,,,,
30-05-2017,1263.10,,,,,
31-05-2017,1268.59,,,,,
01-06-2017,1265.64,,,,,
02-06-2017,1279.98,,,,,
05-06-2017,1279.95,,,,,
06-06-2017,1294.00,,,,,
07-06-2017,1286.91,,,,,
08-06-2017,1278.90,,,,,
09-06-2017,1266.40,,,,,
12-06-2017,1265.74,,,,,
13-06-2017,1265.85,,,,,
14-06-2017,1261.18,,,,,
15-06-2017,1254.00,,,,,
16-06-2017,1253.63,,,,,
19-06-2017,1243.25,,,,,
20-06-2017,1243.19,,,,,
21-06-2017,1246.55,,,,,
22-06-2017,1250.62,,,,,
23-06-2017,1256.90,,,,,
26-06-2017,1244.45,,,,,
27-06-2017,1247.10,,,,,
28-06-2017,1249.32,,,,,
29-06-2017,1245.74,,,,,
30-06-2017,1241.60,,,,,
03-07-2017,1220.46,,,,,
04-07-2017,1223.97,,,,,
05-07-2017,1226.95,,,,,
06-07-2017,1225.15,,,,,
07-07-2017,1212.90,,,,,
10-07-2017,1214.35,,,,,
11-07-2017,1217.69,,,,,
12-07-2017,1220.00,,,,,
13-07-2017,1217.45,,,,,
14-07-2017,1228.98,,,,,
17-07-2017,1234.40,,,,,
18-07-2017,1242.46,,,,,
19-07-2017,1240.87,,,,,
20-07-2017,1244.74,,,,,
21-07-2017,1254.90,,,,,
24-07-2017,1255.24,,,,,
25-07-2017,1249.05,,,,,
26-07-2017,1261.10,,,,,
27-07-2017,1259.00,,,,,
28-07-2017,1269.25,,,,,
31-07-2017,1269.55,,,,,
01-08-2017,1269.05,,,,,
02-08-2017,1266.70,,,,,
03-08-2017,1268.65,,,,,
04-08-2017,1258.60,,,,,
07-08-2017,1257.69,,,,,
08-08-2017,1260.64,,,,,
09-08-2017,1277.55,,,,,
10-08-2017,1286.90,,,,,
11-08-2017,1289.21,,,,,
14-08-2017,1281.95,,,,,
15-08-2017,1272.13,,,,,
16-08-2017,1283.10,,,,,
17-08-2017,1288.01,,,,,
18-08-2017,1284.50,,,,,
21-08-2017,1291.22,,,,,
22-08-2017,1284.72,,,,,
23-08-2017,1290.62,,,,,
24-08-2017,1286.33,,,,,
25-08-2017,1291.15,,,,,
28-08-2017,1310.49,,,,,
29-08-2017,1309.50,,,,,
30-08-2017,1308.76,,,,,
31-08-2017,1322.07,,,,,
01-09-2017,1324.97,,,,,
04-09-2017,1334.67,,,,,
05-09-2017,1339.33,,,,,
06-09-2017,1334.14,,,,,
07-09-2017,1349.20,,,,,
08-09-2017,1346.71,,,,,
11-09-2017,1327.32,,,,,
12-09-2017,1331.94,,,,,
13-09-2017,1323.25,,,,,
14-09-2017,1329.83,,,,,
15-09-2017,1319.62,,,,,
18-09-2017,1307.57,,,,,
19-09-2017,1311.28,,,,,
20-09-2017,1301.15,,,,,
21-09-2017,1291.39,,,,,
22-09-2017,1297.38,,,,,
25-09-2017,1310.55,,,,,
26-09-2017,1293.89,,,,,
27-09-2017,1281.12,,,,,
28-09-2017,1287.30,,,,,
29-09-2017,1279.45,,,,,
02-10-2017,1271.12,,,,,
03-10-2017,1271.75,,,,,
04-10-2017,1274.69,,,,,
05-10-2017,1268.05,,,,,
06-10-2017,1276.03,,,,,
09-10-2017,1284.10,,,,,
10-10-2017,1287.85,,,,,
11-10-2017,1291.80,,,,,
12-10-2017,1293.60,,,,,
13-10-2017,1304.88,,,,,
16-10-2017,1294.74,,,,,
17-10-2017,1285.19,,,,,
18-10-2017,1281.17,,,,,
19-10-2017,1289.79,,,,,
20-10-2017,1280.72,,,,,
23-10-2017,1282.07,,,,,
24-10-2017,1276.72,,,,,
25-10-2017,1277.41,,,,,
26-10-2017,1267.11,,,,,
27-10-2017,1273.35,,,,,
30-10-2017,1276.24,,,,,
31-10-2017,1271.58,,,,,
01-11-2017,1274.39,,,,,
02-11-2017,1275.99,,,,,
03-11-2017,1269.85,,,,,
06-11-2017,1281.55,,,,,
07-11-2017,1275.53,,,,,
08-11-2017,1281.30,,,,,
09-11-2017,1285.30,,,,,
10-11-2017,1276.14,,,,,
13-11-2017,1277.99,,,,,
14-11-2017,1280.71,,,,,
15-11-2017,1278.80,,,,,
16-11-2017,1278.47,,,,,
17-11-2017,1294.37,,,,,
20-11-2017,1276.70,,,,,
21-11-2017,1280.48,,,,,
22-11-2017,1292.12,,,,,
23-11-2017,1291.25,,,,,
24-11-2017,1288.22,,,,,
27-11-2017,1294.50,,,,,
28-11-2017,1294.01,,,,,
29-11-2017,1283.57,,,,,
30-11-2017,1274.76,,,,,
01-12-2017,1280.26,,,,,
04-12-2017,1276.23,,,,,
05-12-2017,1266.55,,,,,
06-12-2017,1263.94,,,,,
07-12-2017,1246.70,,,,,
08-12-2017,1248.14,,,,,
11-12-2017,1241.96,,,,,
12-12-2017,1243.85,,,,,
13-12-2017,1255.45,,,,,
14-12-2017,1252.85,,,,,
15-12-2017,1255.26,,,,,
18-12-2017,1261.69,,,,,
19-12-2017,1261.72,,,,,
20-12-2017,1265.62,,,,,
21-12-2017,1266.76,,,,,
22-12-2017,1275.01,,,,,
25-12-2017,1275.24,,,,,
26-12-2017,1283.29,,,,,
27-12-2017,1287.41,,,,,
28-12-2017,1294.84,,,,,
29-12-2017,1302.55,,,,,
01-01-2018,1306.86,,,,,
02-01-2018,1318.14,,,,,
03-01-2018,1312.84,,,,,
04-01-2018,1322.97,,,,,
05-01-2018,1320.21,,,,,
08-01-2018,1320.58,,,,,
09-01-2018,1312.66,,,,,
10-01-2018,1317.19,,,,,
11-01-2018,1322.42,,,,,
12-01-2018,1338.40,,,,,
15-01-2018,1340.16,,,,,
16-01-2018,1338.61,,,,,
17-01-2018,1327.73,,,,,
18-01-2018,1327.19,,,,,
19-01-2018,1331.80,,,,,
22-01-2018,1334.11,,,,,
23-01-2018,1341.39,,,,,
24-01-2018,1358.15,,,,,
25-01-2018,1348.05,,,,,
26-01-2018,1350.14,,,,,
29-01-2018,1340.35,,,,,
30-01-2018,1338.55,,,,,
31-01-2018,1345.10,,,,,
01-02-2018,1349.19,,,,,
02-02-2018,1332.98,,,,,
05-02-2018,1339.60,,,,,
06-02-2018,1325.02,,,,,
07-02-2018,1318.49,,,,,
08-02-2018,1318.97,,,,,
09-02-2018,1316.69,,,,,
12-02-2018,1322.88,,,,,
13-02-2018,1329.55,,,,,
14-02-2018,1350.76,,,,,
15-02-2018,1353.30,,,,,
16-02-2018,1347.86,,,,,
19-02-2018,1346.69,,,,,
20-02-2018,1329.49,,,,,
21-02-2018,1324.26,,,,,
22-02-2018,1331.51,,,,,
23-02-2018,1328.94,,,,,
26-02-2018,1333.16,,,,,
27-02-2018,1318.20,,,,,
28-02-2018,1318.05,,,,,
01-03-2018,1316.55,,,,,
02-03-2018,1322.20,,,,,
05-03-2018,1320.01,,,,,
06-03-2018,1334.46,,,,,
07-03-2018,1325.54,,,,,
08-03-2018,1322.35,,,,,
09-03-2018,1323.70,,,,,
12-03-2018,1323.05,,,,,
13-03-2018,1326.39,,,,,
14-03-2018,1325.00,,,,,
15-03-2018,1316.26,,,,,
16-03-2018,1314.00,,,,,
19-03-2018,1316.94,,,,,
20-03-2018,1311.21,,,,,
21-03-2018,1332.17,,,,,
22-03-2018,1328.95,,,,,
23-03-2018,1347.22,,,,,
26-03-2018,1353.46,,,,,
27-03-2018,1344.71,,,,,
28-03-2018,1324.99,,,,,
29-03-2018,1325.00,,,,,
02-04-2018,1341.35,,,,,
03-04-2018,1332.83,,,,,
04-04-2018,1333.35,,,,,
05-04-2018,1326.55,,,,,
06-04-2018,1333.20,,,,,
09-04-2018,1336.24,,,,,
10-04-2018,1340.05,,,,,
11-04-2018,1353.29,,,,,
12-04-2018,1335.48,,,,,
13-04-2018,1345.46,,,,,
16-04-2018,1345.91,,,,,
17-04-2018,1347.29,,,,,
18-04-2018,1349.32,,,,,
19-04-2018,1345.60,,,,,
20-04-2018,1335.12,,,,,
23-04-2018,1325.00,,,,,
24-04-2018,1330.68,,,,,
25-04-2018,1323.33,,,,,
26-04-2018,1317.28,,,,,
27-04-2018,1322.80,,,,,
30-04-2018,1315.36,,,,,
01-05-2018,1303.97,,,,,
02-05-2018,1304.85,,,,,
03-05-2018,1312.09,,,,,
04-05-2018,1315.05,,,,,
07-05-2018,1314.30,,,,,
08-05-2018,1314.47,,,,,
09-05-2018,1312.78,,,,,
10-05-2018,1321.39,,,,,
11-05-2018,1318.22,,,,,
14-05-2018,1312.82,,,,,
15-05-2018,1290.64,,,,,
16-05-2018,1291.03,,,,,
17-05-2018,1291.00,,,,,
18-05-2018,1292.50,,,,,
21-05-2018,1292.68,,,,,
22-05-2018,1291.32,,,,,
23-05-2018,1293.75,,,,,
24-05-2018,1304.88,,,,,
25-05-2018,1301.61,,,,,
28-05-2018,1298.11,,,,,
29-05-2018,1298.86,,,,,
30-05-2018,1301.48,,,,,
31-05-2018,1298.32,,,,,
01-06-2018,1293.14,,,,,
04-06-2018,1291.98,,,,,
05-06-2018,1296.13,,,,,
06-06-2018,1297.00,,,,,
07-06-2018,1297.12,,,,,
08-06-2018,1298.75,,,,,
11-06-2018,1300.14,,,,,
12-06-2018,1295.97,,,,,
13-06-2018,1299.71,,,,,
14-06-2018,1302.22,,,,,
15-06-2018,1279.84,,,,,
18-06-2018,1278.31,,,,,
19-06-2018,1274.76,,,,,
20-06-2018,1268.10,,,,,
21-06-2018,1267.20,,,,,
22-06-2018,1269.28,,,,,
25-06-2018,1266.00,,,,,
26-06-2018,1258.99,,,,,
27-06-2018,1252.02,,,,,
28-06-2018,1248.28,,,,,
29-06-2018,1253.00,,,,,
02-07-2018,1241.97,,,,,
03-07-2018,1252.93,,,,,
04-07-2018,1256.95,,,,,
05-07-2018,1257.76,,,,,
06-07-2018,1254.99,,,,,
09-07-2018,1257.76,,,,,
10-07-2018,1255.65,,,,,
11-07-2018,1242.16,,,,,
12-07-2018,1247.14,,,,,
13-07-2018,1241.52,,,,,
16-07-2018,1240.82,,,,,
17-07-2018,1227.51,,,,,
18-07-2018,1227.18,,,,,
19-07-2018,1222.80,,,,,
20-07-2018,1231.76,,,,,
23-07-2018,1224.54,,,,,
24-07-2018,1224.55,,,,,
25-07-2018,1231.61,,,,,
26-07-2018,1222.67,,,,,
27-07-2018,1223.38,,,,,
30-07-2018,1221.80,,,,,
31-07-2018,1223.83,,,,,
01-08-2018,1216.05,,,,,
02-08-2018,1207.96,,,,,
03-08-2018,1213.43,,,,,
06-08-2018,1206.94,,,,,
07-08-2018,1211.02,,,,,
08-08-2018,1213.61,,,,,
09-08-2018,1212.35,,,,,
10-08-2018,1211.30,,,,,
13-08-2018,1193.64,,,,,
14-08-2018,1194.03,,,,,
15-08-2018,1174.88,,,,,
16-08-2018,1174.16,,,,,
17-08-2018,1184.77,,,,,
20-08-2018,1190.53,,,,,
21-08-2018,1196.12,,,,,
22-08-2018,1195.51,,,,,
23-08-2018,1185.31,,,,,
24-08-2018,1205.97,,,,,
27-08-2018,1211.35,,,,,
28-08-2018,1201.26,,,,,
29-08-2018,1206.66,,,,,
30-08-2018,1199.88,,,,,
31-08-2018,1201.09,,,,,
03-09-2018,1201.15,,,,,
04-09-2018,1191.35,,,,,
05-09-2018,1196.75,,,,,
06-09-2018,1200.14,,,,,
07-09-2018,1195.86,,,,,
10-09-2018,1195.88,,,,,
11-09-2018,1198.29,,,,,
12-09-2018,1206.19,,,,,
13-09-2018,1201.44,,,,,
14-09-2018,1193.71,,,,,
17-09-2018,1200.93,,,,,
18-09-2018,1198.35,,,,,
19-09-2018,1203.99,,,,,
20-09-2018,1207.58,,,,,
21-09-2018,1199.55,,,,,
24-09-2018,1198.86,,,,,
25-09-2018,1201.31,,,,,
26-09-2018,1194.46,,,,,
27-09-2018,1182.80,,,,,
28-09-2018,1192.09,,,,,
01-10-2018,1188.47,,,,,
02-10-2018,1203.10,,,,,
03-10-2018,1197.37,,,,,
04-10-2018,1199.66,,,,,
05-10-2018,1202.86,,,,,
08-10-2018,1188.01,,,,,
09-10-2018,1189.62,,,,,
10-10-2018,1194.78,,,,,
11-10-2018,1224.33,,,,,
12-10-2018,1217.93,,,,,
15-10-2018,1226.93,,,,,
16-10-2018,1224.43,,,,,
17-10-2018,1222.68,,,,,
18-10-2018,1225.75,,,,,
19-10-2018,1226.32,,,,,
22-10-2018,1222.17,,,,,
23-10-2018,1230.49,,,,,
24-10-2018,1234.22,,,,,
25-10-2018,1232.23,,,,,
26-10-2018,1233.59,,,,,
29-10-2018,1229.74,,,,,
30-10-2018,1223.44,,,,,
31-10-2018,1214.54,,,,,
01-11-2018,1233.24,,,,,
02-11-2018,1232.89,,,,,
05-11-2018,1231.30,,,,,
06-11-2018,1226.80,,,,,
07-11-2018,1226.11,,,,,
08-11-2018,1223.54,,,,,
09-11-2018,1209.60,,,,,
12-11-2018,1200.65,,,,,
13-11-2018,1202.35,,,,,
14-11-2018,1210.91,,,,,
15-11-2018,1213.00,,,,,
16-11-2018,1221.47,,,,,
19-11-2018,1224.05,,,,,
20-11-2018,1221.55,,,,,
21-11-2018,1226.02,,,,,
22-11-2018,1227.45,,,,,
23-11-2018,1223.19,,,,,
26-11-2018,1222.37,,,,,
27-11-2018,1214.69,,,,,
28-11-2018,1221.11,,,,,
29-11-2018,1223.99,,,,,
30-11-2018,1221.97,,,,,
03-12-2018,1231.08,,,,,
04-12-2018,1238.55,,,,,
05-12-2018,1237.56,,,,,
06-12-2018,1237.99,,,,,
07-12-2018,1248.10,,,,,
10-12-2018,1244.59,,,,,
11-12-2018,1242.94,,,,,
12-12-2018,1245.80,,,,,
13-12-2018,1242.46,,,,,
14-12-2018,1238.21,,,,,
17-12-2018,1245.91,,,,,
18-12-2018,1249.38,,,,,
19-12-2018,1243.39,,,,,
20-12-2018,1260.14,,,,,
21-12-2018,1256.01,,,,,
24-12-2018,1269.13,,,,,
26-12-2018,1266.98,,,,,
27-12-2018,1275.22,,,,,
28-12-2018,1280.75,,,,,
31-12-2018,1282.82,,,,,
01-01-2019,1282.62,,,,,
02-01-2019,1284.77,,,,,
03-01-2019,1293.99,,,,,
04-01-2019,1284.92,,,,,
07-01-2019,1288.67,,,,,
08-01-2019,1285.35,,,,,
09-01-2019,1293.13,,,,,
10-01-2019,1286.38,,,,,
11-01-2019,1288.00,,,,,
14-01-2019,1291.73,,,,,
15-01-2019,1289.31,,,,,
16-01-2019,1293.52,,,,,
17-01-2019,1291.90,,,,,
18-01-2019,1281.49,,,,,
21-01-2019,1280.28,,,,,
22-01-2019,1285.04,,,,,
23-01-2019,1282.39,,,,,
24-01-2019,1280.94,,,,,
25-01-2019,1303.22,,,,,
28-01-2019,1303.53,,,,,
29-01-2019,1311.93,,,,,
30-01-2019,1319.91,,,,,
31-01-2019,1320.94,,,,,
01-02-2019,1318.00,,,,,
04-02-2019,1311.75,,,,,
05-02-2019,1315.01,,,,,
06-02-2019,1306.22,,,,,
07-02-2019,1310.09,,,,,
08-02-2019,1314.07,,,,,
11-02-2019,1308.33,,,,,
12-02-2019,1310.89,,,,,
13-02-2019,1306.19,,,,,
14-02-2019,1312.55,,,,,
15-02-2019,1321.41,,,,,
18-02-2019,1326.90,,,,,
19-02-2019,1341.16,,,,,
20-02-2019,1338.49,,,,,
21-02-2019,1323.49,,,,,
22-02-2019,1327.80,,,,,
25-02-2019,1327.12,,,,,
26-02-2019,1328.96,,,,,
27-02-2019,1319.88,,,,,
28-02-2019,1313.05,,,,,
01-03-2019,1293.56,,,,,
04-03-2019,1286.66,,,,,
05-03-2019,1287.43,,,,,
06-03-2019,1286.76,,,,,
07-03-2019,1285.74,,,,,
08-03-2019,1298.39,,,,,
11-03-2019,1294.25,,,,,
12-03-2019,1302.01,,,,,
13-03-2019,1309.28,,,,,
14-03-2019,1296.28,,,,,
15-03-2019,1301.38,,,,,
18-03-2019,1303.70,,,,,
19-03-2019,1306.55,,,,,
20-03-2019,1312.48,,,,,
21-03-2019,1309.45,,,,,
22-03-2019,1313.38,,,,,
25-03-2019,1321.90,,,,,
26-03-2019,1315.51,,,,,
27-03-2019,1309.87,,,,,
28-03-2019,1290.55,,,,,
29-03-2019,1292.15,,,,,
01-04-2019,1287.66,,,,,
02-04-2019,1293.15,,,,,
03-04-2019,1289.90,,,,,
04-04-2019,1292.38,,,,,
05-04-2019,1291.70,,,,,
08-04-2019,1297.41,,,,,
09-04-2019,1304.13,,,,,
10-04-2019,1308.05,,,,,
11-04-2019,1292.60,,,,,
12-04-2019,1290.40,,,,,
15-04-2019,1287.88,,,,,
16-04-2019,1276.57,,,,,
17-04-2019,1274.14,,,,,
18-04-2019,1275.39,,,,,
22-04-2019,1274.92,,,,,
23-04-2019,1272.40,,,,,
24-04-2019,1275.36,,,,,
25-04-2019,1277.35,,,,,
26-04-2019,1286.25,,,,,
29-04-2019,1279.80,,,,,
30-04-2019,1283.60,,,,,
01-05-2019,1276.61,,,,,
02-05-2019,1270.54,,,,,
03-05-2019,1279.19,,,,,
06-05-2019,1280.33,,,,,
07-05-2019,1285.15,,,,,
08-05-2019,1280.93,,,,,
09-05-2019,1284.14,,,,,
10-05-2019,1286.00,,,,,
13-05-2019,1299.90,,,,,
14-05-2019,1297.03,,,,,
15-05-2019,1296.66,,,,,
16-05-2019,1286.65,,,,,
17-05-2019,1277.55,,,,,
20-05-2019,1277.74,,,,,
21-05-2019,1274.97,,,,,
22-05-2019,1273.62,,,,,
23-05-2019,1283.45,,,,,
24-05-2019,1284.89,,,,,
27-05-2019,1285.20,,,,,
28-05-2019,1279.49,,,,,
29-05-2019,1279.60,,,,,
30-05-2019,1288.85,,,,,
31-05-2019,1305.65,,,,,
03-06-2019,1325.17,,,,,
04-06-2019,1325.28,,,,,
05-06-2019,1330.18,,,,,
06-06-2019,1335.55,,,,,
07-06-2019,1340.70,,,,,
10-06-2019,1328.13,,,,,
11-06-2019,1326.91,,,,,
12-06-2019,1333.55,,,,,
13-06-2019,1342.35,,,,,
14-06-2019,1341.58,,,,,
17-06-2019,1339.54,,,,,
18-06-2019,1346.48,,,,,
19-06-2019,1360.27,,,,,
20-06-2019,1388.18,,,,,
21-06-2019,1399.05,,,,,
24-06-2019,1419.55,,,,,
25-06-2019,1423.25,,,,,
26-06-2019,1408.75,,,,,
27-06-2019,1409.68,,,,,
28-06-2019,1409.50,,,,,
01-07-2019,1384.31,,,,,
02-07-2019,1418.44,,,,,
03-07-2019,1418.94,,,,,
04-07-2019,1415.64,,,,,
05-07-2019,1399.95,,,,,
08-07-2019,1395.50,,,,,
09-07-2019,1397.90,,,,,
10-07-2019,1419.00,,,,,
11-07-2019,1404.00,,,,,
12-07-2019,1415.74,,,,,
15-07-2019,1414.08,,,,,
16-07-2019,1406.33,,,,,
17-07-2019,1426.80,,,,,
18-07-2019,1446.30,,,,,
19-07-2019,1425.30,,,,,
22-07-2019,1425.12,,,,,
23-07-2019,1417.39,,,,,
24-07-2019,1425.90,,,,,
25-07-2019,1414.53,,,,,
26-07-2019,1418.69,,,,,
29-07-2019,1426.94,,,,,
30-07-2019,1430.85,,,,,
31-07-2019,1413.80,,,,,
01-08-2019,1445.31,,,,,
02-08-2019,1440.70,,,,,
05-08-2019,1463.80,,,,,
06-08-2019,1474.27,,,,,
07-08-2019,1501.20,,,,,
08-08-2019,1500.95,,,,,
09-08-2019,1497.24,,,,,
12-08-2019,1511.40,,,,,
13-08-2019,1501.39,,,,,
14-08-2019,1516.34,,,,,
15-08-2019,1523.20,,,,,
16-08-2019,1514.15,,,,,
19-08-2019,1495.30,,,,,
20-08-2019,1507.10,,,,,
21-08-2019,1502.30,,,,,
22-08-2019,1498.80,,,,,
23-08-2019,1526.85,,,,,
26-08-2019,1526.35,,,,,
27-08-2019,1542.64,,,,,
28-08-2019,1539.10,,,,,
29-08-2019,1527.70,,,,,
30-08-2019,1520.25,,,,,
02-09-2019,1530.59,,,,,
03-09-2019,1547.00,,,,,
04-09-2019,1552.60,,,,,
05-09-2019,1519.35,,,,,
06-09-2019,1506.95,,,,,
09-09-2019,1498.95,,,,,
10-09-2019,1486.40,,,,,
11-09-2019,1497.60,,,,,
12-09-2019,1498.95,,,,,
13-09-2019,1488.70,,,,,
16-09-2019,1498.80,,,,,
17-09-2019,1503.10,,,,,
18-09-2019,1493.90,,,,,
19-09-2019,1499.20,,,,,
20-09-2019,1517.15,,,,,
23-09-2019,1522.12,,,,,
24-09-2019,1532.30,,,,,
25-09-2019,1504.15,,,,,
26-09-2019,1505.80,,,,,
27-09-2019,1496.94,,,,,
30-09-2019,1472.25,,,,,
01-10-2019,1478.98,,,,,
02-10-2019,1499.51,,,,,
03-10-2019,1505.00,,,,,
04-10-2019,1504.60,,,,,
07-10-2019,1493.60,,,,,
08-10-2019,1505.51,,,,,
09-10-2019,1505.70,,,,,
10-10-2019,1494.30,,,,,
11-10-2019,1489.85,,,,,
14-10-2019,1492.90,,,,,
15-10-2019,1481.17,,,,,
16-10-2019,1489.77,,,,,
17-10-2019,1491.89,,,,,
18-10-2019,1490.10,,,,,
21-10-2019,1484.50,,,,,
22-10-2019,1488.05,,,,,
23-10-2019,1492.10,,,,,
24-10-2019,1503.65,,,,,
25-10-2019,1504.73,,,,,
28-10-2019,1492.69,,,,,
29-10-2019,1487.60,,,,,
30-10-2019,1495.40,,,,,
31-10-2019,1513.36,,,,,
01-11-2019,1513.95,,,,,
04-11-2019,1509.63,,,,,
05-11-2019,1484.10,,,,,
06-11-2019,1490.46,,,,,
07-11-2019,1468.07,,,,,
08-11-2019,1458.66,,,,,
11-11-2019,1455.90,,,,,
12-11-2019,1457.19,,,,,
13-11-2019,1463.19,,,,,
14-11-2019,1471.20,,,,,
15-11-2019,1467.37,,,,,
18-11-2019,1470.85,,,,,
19-11-2019,1472.38,,,,,
20-11-2019,1471.25,,,,,
21-11-2019,1464.40,,,,,
22-11-2019,1462.29,,,,,
25-11-2019,1454.97,,,,,
26-11-2019,1461.60,,,,,
27-11-2019,1454.35,,,,,
28-11-2019,1458.34,,,,,
29-11-2019,1464.80,,,,,
02-12-2019,1462.44,,,,,
03-12-2019,1477.34,,,,,
04-12-2019,1474.35,,,,,
05-12-2019,1475.70,,,,,
06-12-2019,1459.76,,,,,
09-12-2019,1461.99,,,,,
10-12-2019,1464.21,,,,,
11-12-2019,1474.85,,,,,
12-12-2019,1469.43,,,,,
13-12-2019,1475.81,,,,,
16-12-2019,1476.25,,,,,
17-12-2019,1476.45,,,,,
18-12-2019,1475.44,,,,,
19-12-2019,1479.15,,,,,
20-12-2019,1478.20,,,,,
23-12-2019,1485.52,,,,,
24-12-2019,1499.56,,,,,
25-12-2019,1499.55,,,,,
26-12-2019,1511.55,,,,,
27-12-2019,1510.67,,,,,
30-12-2019,1515.22,,,,,
31-12-2019,1517.39,,,,,
01-01-2020,1517.30,,,,,
02-01-2020,1528.94,,,,,
03-01-2020,1551.65,,,,,
06-01-2020,1565.96,,,,,
07-01-2020,1573.99,,,,,
08-01-2020,1555.81,,,,,
09-01-2020,1552.37,,,,,
10-01-2020,1562.28,,,,,
13-01-2020,1548.30,,,,,
14-01-2020,1546.37,,,,,
15-01-2020,1556.19,,,,,
16-01-2020,1552.79,,,,,
17-01-2020,1556.61,,,,,
20-01-2020,1561.58,,,,,
21-01-2020,1558.02,,,,,
22-01-2020,1558.91,,,,,
23-01-2020,1563.33,,,,,
24-01-2020,1570.65,,,,,
27-01-2020,1581.95,,,,,
28-01-2020,1566.24,,,,,
29-01-2020,1577.12,,,,,
30-01-2020,1574.22,,,,,
31-01-2020,1590.20,,,,,
03-02-2020,1576.45,,,,,
04-02-2020,1552.55,,,,,
05-02-2020,1556.70,,,,,
06-02-2020,1566.85,,,,,
07-02-2020,1570.29,,,,,
10-02-2020,1572.30,,,,,
11-02-2020,1567.72,,,,,
12-02-2020,1565.63,,,,,
13-02-2020,1576.39,,,,,
14-02-2020,1584.70,,,,,
17-02-2020,1581.10,,,,,
18-02-2020,1601.91,,,,,
19-02-2020,1611.64,,,,,
20-02-2020,1619.70,,,,,
21-02-2020,1643.70,,,,,
24-02-2020,1660.72,,,,,
25-02-2020,1635.38,,,,,
26-02-2020,1639.96,,,,,
27-02-2020,1642.35,,,,,
28-02-2020,1585.12,,,,,
02-03-2020,1590.73,,,,,
03-03-2020,1639.77,,,,,
04-03-2020,1635.83,,,,,
05-03-2020,1670.61,,,,,
06-03-2020,1674.23,,,,,
09-03-2020,1680.20,,,,,
10-03-2020,1649.36,,,,,
11-03-2020,1635.03,,,,,
12-03-2020,1577.09,,,,,
13-03-2020,1529.70,,,,,
16-03-2020,1514.61,,,,,
17-03-2020,1528.58,,,,,
18-03-2020,1486.30,,,,,
19-03-2020,1471.00,,,,,
20-03-2020,1498.24,,,,,
23-03-2020,1553.81,,,,,
24-03-2020,1622.03,,,,,
25-03-2020,1613.79,,,,,
26-03-2020,1632.38,,,,,
27-03-2020,1623.50,,,,,
30-03-2020,1623.30,,,,,
31-03-2020,1571.31,,,,,
01-04-2020,1595.05,,,,,
02-04-2020,1613.79,,,,,
03-04-2020,1618.45,,,,,
06-04-2020,1663.00,,,,,
07-04-2020,1648.95,,,,,
08-04-2020,1646.52,,,,,
09-04-2020,1684.07,,,,,
10-04-2020,1689.90,,,,,
13-04-2020,1714.32,,,,,
14-04-2020,1729.70,,,,,
15-04-2020,1716.60,,,,,
16-04-2020,1718.40,,,,,
17-04-2020,1684.69,,,,,
20-04-2020,1694.12,,,,,
21-04-2020,1687.02,,,,,
22-04-2020,1714.82,,,,,
23-04-2020,1731.59,,,,,
24-04-2020,1729.43,,,,,
27-04-2020,1715.57,,,,,
28-04-2020,1708.63,,,,,
29-04-2020,1712.38,,,,,
30-04-2020,1685.05,,,,,
01-05-2020,1700.41,,,,,
04-05-2020,1701.69,,,,,
05-05-2020,1707.17,,,,,
06-05-2020,1685.88,,,,,
07-05-2020,1717.94,,,,,
08-05-2020,1702.65,,,,,
11-05-2020,1697.35,,,,,
12-05-2020,1702.72,,,,,
13-05-2020,1715.99,,,,,
14-05-2020,1730.65,,,,,
15-05-2020,1743.00,,,,,
18-05-2020,1732.32,,,,,
19-05-2020,1745.11,,,,,
20-05-2020,1749.50,,,,,
21-05-2020,1726.34,,,,,
22-05-2020,1736.07,,,,,
25-05-2020,1729.57,,,,,
26-05-2020,1712.45,,,,,
27-05-2020,1709.25,,,,,
28-05-2020,1719.40,,,,,
29-05-2020,1728.30,,,,,
01-06-2020,1740.34,,,,,
02-06-2020,1727.97,,,,,
03-06-2020,1698.63,,,,,
04-06-2020,1711.84,,,,,
05-06-2020,1685.83,,,,,
08-06-2020,1695.47,,,,,
09-06-2020,1714.57,,,,,
10-06-2020,1737.10,,,,,
11-06-2020,1727.51,,,,,
12-06-2020,1730.80,,,,,
15-06-2020,1725.53,,,,,
16-06-2020,1727.46,,,,,
17-06-2020,1727.04,,,,,
18-06-2020,1722.99,,,,,
19-06-2020,1743.62,,,,,
22-06-2020,1755.44,,,,,
23-06-2020,1767.54,,,,,
24-06-2020,1762.43,,,,,
25-06-2020,1761.82,,,,,
26-06-2020,1771.47,,,,,
29-06-2020,1772.28,,,,,
30-06-2020,1781.66,,,,,
01-07-2020,1770.32,,,,,
02-07-2020,1776.13,,,,,
03-07-2020,1775.05,,,,,
06-07-2020,1783.90,,,,,
07-07-2020,1795.26,,,,,
08-07-2020,1810.78,,,,,
09-07-2020,1803.19,,,,,
10-07-2020,1798.89,,,,,
13-07-2020,1803.39,,,,,
14-07-2020,1807.78,,,,,
15-07-2020,1811.90,,,,,
16-07-2020,1797.05,,,,,
17-07-2020,1809.90,,,,,
20-07-2020,1816.09,,,,,
21-07-2020,1842.22,,,,,
22-07-2020,1872.07,,,,,
23-07-2020,1887.44,,,,,
24-07-2020,1901.46,,,,,
27-07-2020,1942.42,,,,,
28-07-2020,1959.50,,,,,
29-07-2020,1970.73,,,,,
30-07-2020,1960.50,,,,,
31-07-2020,1975.89,,,,,
03-08-2020,1977.25,,,,,
04-08-2020,2018.52,,,,,
05-08-2020,2040.40,,,,,
06-08-2020,2063.81,,,,,
07-08-2020,2035.03,,,,,
10-08-2020,2027.77,,,,,
11-08-2020,1911.64,,,,,
12-08-2020,1918.07,,,,,
13-08-2020,1954.00,,,,,
14-08-2020,1944.29,,,,,
17-08-2020,1986.20,,,,,
18-08-2020,2001.20,,,,,
19-08-2020,1929.82,,,,,
20-08-2020,1943.60,,,,,
21-08-2020,1940.16,,,,,
24-08-2020,1933.09,,,,,
25-08-2020,1928.19,,,,,
26-08-2020,1954.03,,,,,
27-08-2020,1929.20,,,,,
28-08-2020,1964.89,,,,,
31-08-2020,1970.15,,,,,
01-09-2020,1970.49,,,,,
02-09-2020,1942.98,,,,,
03-09-2020,1930.85,,,,,
04-09-2020,1932.85,,,,,
07-09-2020,1929.18,,,,,
08-09-2020,1931.26,,,,,
09-09-2020,1946.66,,,,,
10-09-2020,1954.07,,,,,
11-09-2020,1941.50,,,,,
14-09-2020,1956.37,,,,,
15-09-2020,1955.52,,,,,
16-09-2020,1959.32,,,,,
17-09-2020,1942.60,,,,,
18-09-2020,1949.69,,,,,
21-09-2020,1912.57,,,,,
22-09-2020,1899.28,,,,,
23-09-2020,1863.55,,,,,
24-09-2020,1868.04,,,,,
25-09-2020,1860.05,,,,,
28-09-2020,1880.85,,,,,
29-09-2020,1897.69,,,,,
30-09-2020,1885.44,,,,,
01-10-2020,1905.05,,,,,
02-10-2020,1898.70,,,,,
05-10-2020,1912.90,,,,,
06-10-2020,1877.13,,,,,
07-10-2020,1887.22,,,,,
08-10-2020,1893.09,,,,,
09-10-2020,1929.43,,,,,
12-10-2020,1921.95,,,,,
13-10-2020,1890.82,,,,,
14-10-2020,1900.89,,,,,
15-10-2020,1907.82,,,,,
16-10-2020,1898.97,,,,,
19-10-2020,1904.27,,,,,
20-10-2020,1906.39,,,,,
21-10-2020,1924.49,,,,,
22-10-2020,1904.04,,,,,
23-10-2020,1900.79,,,,,
26-10-2020,1901.69,,,,,
27-10-2020,1906.83,,,,,
28-10-2020,1877.06,,,,,
29-10-2020,1867.13,,,,,
30-10-2020,1877.95,,,,,
02-11-2020,1895.10,,,,,
03-11-2020,1908.36,,,,,
04-11-2020,1903.21,,,,,
05-11-2020,1948.56,,,,,
06-11-2020,1951.51,,,,,
09-11-2020,1861.86,,,,,
10-11-2020,1876.50,,,,,
11-11-2020,1864.71,,,,,
12-11-2020,1875.76,,,,,
13-11-2020,1888.04,,,,,
16-11-2020,1888.52,,,,,
17-11-2020,1878.60,,,,,
18-11-2020,1871.41,,,,,
19-11-2020,1867.37,,,,,
20-11-2020,1870.49,,,,,
23-11-2020,1835.85,,,,,
24-11-2020,1807.51,,,,,
25-11-2020,1805.30,,,,,
26-11-2020,1810.57,,,,,
27-11-2020,1788.13,,,,,
30-11-2020,1777.02,,,,,
01-12-2020,1814.87,,,,,
02-12-2020,1831.01,,,,,
03-12-2020,1840.36,,,,,
04-12-2020,1837.61,,,,,
07-12-2020,1863.69,,,,,
08-12-2020,1871.36,,,,,
09-12-2020,1839.11,,,,,
10-12-2020,1835.31,,,,,
11-12-2020,1839.03,,,,,
14-12-2020,1827.17,,,,,
15-12-2020,1853.46,,,,,
16-12-2020,1864.15,,,,,
17-12-2020,1885.87,,,,,
18-12-2020,1880.66,,,,,
21-12-2020,1876.21,,,,,
22-12-2020,1859.56,,,,,
23-12-2020,1872.08,,,,,
24-12-2020,1876.56,,,,,
25-12-2020,1875.82,,,,,
28-12-2020,1871.19,,,,,
29-12-2020,1877.99,,,,,
30-12-2020,1893.37,,,,,
31-12-2020,1896.49,,,,,
01-01-2021,1898.10,,,,,
04-01-2021,1942.28,,,,,
05-01-2021,1949.35,,,,,
06-01-2021,1918.81,,,,,
07-01-2021,1912.50,,,,,
08-01-2021,1848.26,,,,,
11-01-2021,1844.66,,,,,
12-01-2021,1855.63,,,,,
13-01-2021,1843.41,,,,,
14-01-2021,1846.37,,,,,
15-01-2021,1826.59,,,,,
18-01-2021,1836.89,,,,,
19-01-2021,1839.34,,,,,
20-01-2021,1870.91,,,,,
21-01-2021,1869.91,,,,,
22-01-2021,1852.55,,,,,
25-01-2021,1854.99,,,,,
26-01-2021,1850.31,,,,,
27-01-2021,1843.99,,,,,
28-01-2021,1840.36,,,,,
29-01-2021,1846.09,,,,,
01-02-2021,1860.16,,,,,
02-02-2021,1837.35,,,,,
03-02-2021,1833.76,,,,,
04-02-2021,1792.26,,,,,
05-02-2021,1811.62,,,,,
08-02-2021,1830.16,,,,,
09-02-2021,1837.06,,,,,
10-02-2021,1842.22,,,,,
11-02-2021,1825.36,,,,,
12-02-2021,1823.46,,,,,
15-02-2021,1818.51,,,,,
16-02-2021,1794.31,,,,,
17-02-2021,1776.26,,,,,
18-02-2021,1775.49,,,,,
19-02-2021,1782.31,,,,,
22-02-2021,1808.66,,,,,
23-02-2021,1805.06,,,,,
24-02-2021,1804.36,,,,,
25-02-2021,1769.88,,,,,
26-02-2021,1733.49,,,,,
01-03-2021,1723.84,,,,,
02-03-2021,1738.09,,,,,
03-03-2021,1710.95,,,,,
04-03-2021,1697.19,,,,,
05-03-2021,1700.86,,,,,
08-03-2021,1681.24,,,,,
09-03-2021,1715.36,,,,,
10-03-2021,1726.05,,,,,
11-03-2021,1721.41,,,,,
12-03-2021,1726.41,,,,,
15-03-2021,1731.84,,,,,
16-03-2021,1730.94,,,,,
17-03-2021,1744.44,,,,,
18-03-2021,1736.41,,,,,
19-03-2021,1744.74,,,,,
22-03-2021,1738.69,,,,,
23-03-2021,1727.11,,,,,
24-03-2021,1734.19,,,,,
25-03-2021,1726.82,,,,,
26-03-2021,1731.97,,,,,
29-03-2021,1711.99,,,,,
30-03-2021,1684.80,,,,,
31-03-2021,1707.01,,,,,
01-04-2021,1730.18,,,,,
02-04-2021,1728.84,,,,,
05-04-2021,1728.44,,,,,
06-04-2021,1743.57,,,,,
07-04-2021,1737.28,,,,,
08-04-2021,1755.94,,,,,
09-04-2021,1743.10,,,,,
12-04-2021,1732.51,,,,,
13-04-2021,1743.83,,,,,
14-04-2021,1736.00,,,,,
15-04-2021,1763.21,,,,,
16-04-2021,1776.31,,,,,
19-04-2021,1769.31,,,,,
20-04-2021,1777.25,,,,,
21-04-2021,1793.46,,,,,
22-04-2021,1783.94,,,,,
23-04-2021,1777.18,,,,,
26-04-2021,1780.19,,,,,
27-04-2021,1776.69,,,,,
28-04-2021,1781.32,,,,,
29-04-2021,1771.24,,,,,
30-04-2021,1768.59,,,,,
03-05-2021,1792.36,,,,,
04-05-2021,1778.48,,,,,
05-05-2021,1786.44,,,,,
06-05-2021,1815.18,,,,,
07-05-2021,1830.48,,,,,
10-05-2021,1835.44,,,,,
11-05-2021,1836.94,,,,,
12-05-2021,1815.44,,,,,
13-05-2021,1826.57,,,,,
14-05-2021,1842.19,,,,,
17-05-2021,1866.13,,,,,
18-05-2021,1868.22,,,,,
19-05-2021,1869.57,,,,,
20-05-2021,1876.69,,,,,
21-05-2021,1880.30,,,,,
24-05-2021,1881.07,,,,,
25-05-2021,1899.26,,,,,
26-05-2021,1896.44,,,,,
27-05-2021,1896.08,,,,,
28-05-2021,1902.64,,,,,
31-05-2021,1906.36,,,,,
01-06-2021,1900.19,,,,,
02-06-2021,1907.94,,,,,
03-06-2021,1870.57,,,,,
04-06-2021,1889.97,,,,,
07-06-2021,1899.00,,,,,
08-06-2021,1892.82,,,,,
09-06-2021,1888.30,,,,,
10-06-2021,1898.14,,,,,
11-06-2021,1876.64,,,,,
14-06-2021,1865.99,,,,,
15-06-2021,1858.69,,,,,
16-06-2021,1811.95,,,,,
17-06-2021,1773.31,,,,,
18-06-2021,1763.34,,,,,
21-06-2021,1782.95,,,,,
22-06-2021,1778.51,,,,,
23-06-2021,1778.73,,,,,
24-06-2021,1775.18,,,,,
25-06-2021,1780.34,,,,,
28-06-2021,1778.18,,,,,
29-06-2021,1761.09,,,,,
30-06-2021,1769.80,,,,,
01-07-2021,1776.60,,,,,
02-07-2021,1786.79,,,,,
05-07-2021,1791.61,,,,,
06-07-2021,1796.69,,,,,
07-07-2021,1803.41,,,,,
08-07-2021,1802.56,,,,,
09-07-2021,1807.98,,,,,
12-07-2021,1805.88,,,,,
13-07-2021,1807.44,,,,,
14-07-2021,1827.06,,,,,
15-07-2021,1829.19,,,,,
16-07-2021,1810.89,,,,,
19-07-2021,1812.34,,,,,
20-07-2021,1810.03,,,,,
21-07-2021,1803.31,,,,,
22-07-2021,1806.69,,,,,
23-07-2021,1801.34,,,,,
26-07-2021,1797.27,,,,,
27-07-2021,1798.73,,,,,
28-07-2021,1806.88,,,,,
29-07-2021,1827.95,,,,,
30-07-2021,1813.58,,,,,
02-08-2021,1813.39,,,,,
03-08-2021,1809.94,,,,,
04-08-2021,1811.41,,,,,
05-08-2021,1804.01,,,,,
06-08-2021,1762.69,,,,,
09-08-2021,1729.46,,,,,
10-08-2021,1728.71,,,,,
11-08-2021,1751.56,,,,,
12-08-2021,1752.44,,,,,
13-08-2021,1779.15,,,,,
16-08-2021,1787.24,,,,,
17-08-2021,1785.96,,,,,
18-08-2021,1787.59,,,,,
19-08-2021,1780.18,,,,,
20-08-2021,1780.87,,,,,
23-08-2021,1805.20,,,,,
24-08-2021,1802.61,,,,,
25-08-2021,1790.68,,,,,
26-08-2021,1792.16,,,,,
27-08-2021,1816.67,,,,,
30-08-2021,1810.17,,,,,
31-08-2021,1813.43,,,,,
01-09-2021,1813.66,,,,,
02-09-2021,1809.40,,,,,
03-09-2021,1826.19,,,,,
06-09-2021,1823.10,,,,,
07-09-2021,1794.13,,,,,
08-09-2021,1788.93,,,,,
09-09-2021,1794.69,,,,,
10-09-2021,1787.34,,,,,
13-09-2021,1793.49,,,,,
14-09-2021,1804.27,,,,,
15-09-2021,1792.59,,,,,
16-09-2021,1753.39,,,,,
17-09-2021,1754.16,,,,,
20-09-2021,1763.88,,,,,
21-09-2021,1774.25,,,,,
22-09-2021,1767.91,,,,,
23-09-2021,1742.57,,,,,
24-09-2021,1749.86,,,,,
27-09-2021,1749.85,,,,,
28-09-2021,1733.68,,,,,
29-09-2021,1726.11,,,,,
30-09-2021,1756.66,,,,,
01-10-2021,1760.36,,,,,
04-10-2021,1769.51,,,,,
05-10-2021,1759.96,,,,,
06-10-2021,1762.48,,,,,
07-10-2021,1755.29,,,,,
08-10-2021,1756.67,,,,,
11-10-2021,1753.86,,,,,
12-10-2021,1759.93,,,,,
13-10-2021,1792.65,,,,,
14-10-2021,1795.56,,,,,
15-10-2021,1767.26,,,,,
18-10-2021,1764.60,,,,,
19-10-2021,1768.87,,,,,
20-10-2021,1781.83,,,,,
21-10-2021,1782.76,,,,,
22-10-2021,1792.48,,,,,
25-10-2021,1807.47,,,,,
26-10-2021,1792.63,,,,,
27-10-2021,1796.69,,,,,
28-10-2021,1798.62,,,,,
29-10-2021,1782.81,,,,,
01-11-2021,1793.05,,,,,
02-11-2021,1787.28,,,,,
03-11-2021,1769.52,,,,,
04-11-2021,1791.70,,,,,
05-11-2021,1816.73,,,,,
08-11-2021,1824.26,,,,,
09-11-2021,1831.48,,,,,
10-11-2021,1849.57,,,,,
11-11-2021,1861.52,,,,,
12-11-2021,1864.04,,,,,
15-11-2021,1862.46,,,,,
16-11-2021,1849.91,,,,,
17-11-2021,1866.96,,,,,
18-11-2021,1858.46,,,,,
19-11-2021,1844.60,,,,,
22-11-2021,1805.04,,,,,
23-11-2021,1789.73,,,,,
24-11-2021,1788.50,,,,,
25-11-2021,1788.45,,,,,
26-11-2021,1791.81,,,,,
29-11-2021,1785.01,,,,,
30-11-2021,1773.78,,,,,
01-12-2021,1782.66,,,,,
02-12-2021,1768.64,,,,,
03-12-2021,1783.74,,,,,
06-12-2021,1778.11,,,,,
07-12-2021,1784.04,,,,,
08-12-2021,1782.06,,,,,
09-12-2021,1774.46,,,,,
10-12-2021,1782.51,,,,,
13-12-2021,1786.94,,,,,
14-12-2021,1770.18,,,,,
15-12-2021,1777.06,,,,,
16-12-2021,1799.03,,,,,
17-12-2021,1797.68,,,,,
20-12-2021,1789.32,,,,,
21-12-2021,1788.36,,,,,
22-12-2021,1803.40,,,,,
23-12-2021,1807.91,,,,,
24-12-2021,1808.11,,,,,
27-12-2021,1810.90,,,,,
28-12-2021,1805.37,,,,,
29-12-2021,1803.66,,,,,
30-12-2021,1815.01,,,,,
31-12-2021,1828.39,,,,,
03-01-2022,1800.85,,,,,
04-01-2022,1814.56,,,,,
05-01-2022,1809.53,,,,,
06-01-2022,1788.68,,,,,
07-01-2022,1795.63,,,,,
10-01-2022,1801.41,,,,,
11-01-2022,1822.01,,,,,
12-01-2022,1825.32,,,,,
13-01-2022,1822.09,,,,,
14-01-2022,1817.22,,,,,
17-01-2022,1818.99,,,,,
18-01-2022,1813.54,,,,,
19-01-2022,1839.96,,,,,
20-01-2022,1838.36,,,,,
21-01-2022,1833.24,,,,,
24-01-2022,1843.06,,,,,
25-01-2022,1847.56,,,,,
26-01-2022,1818.12,,,,,
27-01-2022,1796.51,,,,,
28-01-2022,1791.03,,,,,
31-01-2022,1796.47,,,,,
01-02-2022,1800.65,,,,,
02-02-2022,1806.50,,,,,
03-02-2022,1804.40,,,,,
04-02-2022,1807.49,,,,,
07-02-2022,1820.31,,,,,
08-02-2022,1825.48,,,,,
09-02-2022,1832.43,,,,,
10-02-2022,1826.57,,,,,
11-02-2022,1859.96,,,,,
14-02-2022,1870.29,,,,,
15-02-2022,1853.06,,,,,
16-02-2022,1868.37,,,,,
17-02-2022,1897.27,,,,,
18-02-2022,1897.87,,,,,
21-02-2022,1905.63,,,,,
22-02-2022,1898.13,,,,,
23-02-2022,1907.55,,,,,
24-02-2022,1903.14,,,,,
25-02-2022,1887.56,,,,,
28-02-2022,1907.90,,,,,
01-03-2022,1943.22,,,,,
02-03-2022,1926.11,,,,,
03-03-2022,1935.21,,,,,
04-03-2022,1968.45,,,,,
07-03-2022,1998.11,,,,,
08-03-2022,2052.41,,,,,
09-03-2022,1991.49,,,,,
10-03-2022,1995.86,,,,,
11-03-2022,1985.29,,,,,
14-03-2022,1951.11,,,,,
15-03-2022,1917.84,,,,,
16-03-2022,1927.93,,,,,
17-03-2022,1942.64,,,,,
18-03-2022,1921.09,,,,,
21-03-2022,1935.95,,,,,
22-03-2022,1921.44,,,,,
23-03-2022,1943.38,,,,,
24-03-2022,1957.48,,,,,
25-03-2022,1957.40,,,,,
28-03-2022,1923.20,,,,,
29-03-2022,1919.19,,,,,
30-03-2022,1933.06,,,,,
31-03-2022,1937.23,,,,,
01-04-2022,1924.30,,,,,
04-04-2022,1932.44,,,,,
05-04-2022,1923.76,,,,,
06-04-2022,1925.48,,,,,
07-04-2022,1932.17,,,,,
08-04-2022,1945.85,,,,,
11-04-2022,1953.43,,,,,
12-04-2022,1966.59,,,,,
13-04-2022,1977.72,,,,,
14-04-2022,1973.52,,,,,
15-04-2022,1974.54,,,,,
18-04-2022,1978.50,,,,,
19-04-2022,1949.84,,,,,
20-04-2022,1957.41,,,,,
21-04-2022,1951.49,,,,,
22-04-2022,1929.73,,,,,
25-04-2022,1897.69,,,,,
26-04-2022,1905.56,,,,,
27-04-2022,1886.12,,,,,
28-04-2022,1894.34,,,,,
29-04-2022,1896.40,,,,,
02-05-2022,1862.77,,,,,
03-05-2022,1867.79,,,,,
04-05-2022,1880.92,,,,,
05-05-2022,1876.84,,,,,
06-05-2022,1882.96,,,,,
09-05-2022,1853.92,,,,,
10-05-2022,1838.14,,,,,
11-05-2022,1852.12,,,,,
12-05-2022,1821.72,,,,,
13-05-2022,1811.15,,,,,
16-05-2022,1823.79,,,,,
17-05-2022,1814.67,,,,,
18-05-2022,1815.61,,,,,
19-05-2022,1841.72,,,,,
20-05-2022,1845.68,,,,,
23-05-2022,1853.22,,,,,
24-05-2022,1865.90,,,,,
25-05-2022,1852.83,,,,,
26-05-2022,1850.02,,,,,
27-05-2022,1852.73,,,,,
30-05-2022,1856.21,,,,,
31-05-2022,1837.09,,,,,
01-06-2022,1845.55,,,,,
02-06-2022,1868.13,,,,,
03-06-2022,1850.77,,,,,
06-06-2022,1841.00,,,,,
07-06-2022,1851.97,,,,,
08-06-2022,1853.26,,,,,
09-06-2022,1847.61,,,,,
10-06-2022,1870.96,,,,,
13-06-2022,1818.77,,,,,
14-06-2022,1808.10,,,,,
15-06-2022,1833.38,,,,,
16-06-2022,1856.71,,,,,
17-06-2022,1839.35,,,,,
20-06-2022,1838.29,,,,,
21-06-2022,1832.56,,,,,
22-06-2022,1837.39,,,,,
23-06-2022,1822.43,,,,,
24-06-2022,1826.18,,,,,
27-06-2022,1822.73,,,,,
28-06-2022,1819.69,,,,,
29-06-2022,1817.11,,,,,
30-06-2022,1806.89,,,,,
01-07-2022,1810.18,,,,,
04-07-2022,1809.12,,,,,
05-07-2022,1764.35,,,,,
06-07-2022,1738.30,,,,,
07-07-2022,1739.61,,,,,
08-07-2022,1741.82,,,,,
11-07-2022,1733.67,,,,,
12-07-2022,1725.81,,,,,
13-07-2022,1735.23,,,,,
14-07-2022,1709.45,,,,,
15-07-2022,1706.78,,,,,
18-07-2022,1709.01,,,,,
19-07-2022,1711.07,,,,,
20-07-2022,1696.43,,,,,
21-07-2022,1718.49,,,,,
22-07-2022,1726.46,,,,,
25-07-2022,1718.78,,,,,
26-07-2022,1717.00,,,,,
27-07-2022,1733.89,,,,,
28-07-2022,1755.11,,,,,
29-07-2022,1765.22,,,,,
01-08-2022,1771.73,,,,,
02-08-2022,1759.75,,,,,
03-08-2022,1764.90,,,,,
04-08-2022,1790.97,,,,,
05-08-2022,1774.15,,,,,
08-08-2022,1788.52,,,,,
09-08-2022,1794.08,,,,,
10-08-2022,1792.13,,,,,
11-08-2022,1789.45,,,,,
12-08-2022,1801.76,,,,,
15-08-2022,1778.91,,,,,
16-08-2022,1775.54,,,,,
17-08-2022,1761.05,,,,,
18-08-2022,1758.20,,,,,
19-08-2022,1747.83,,,,,
22-08-2022,1735.70,,,,,
23-08-2022,1747.67,,,,,
24-08-2022,1750.89,,,,,
25-08-2022,1758.44,,,,,
26-08-2022,1736.86,,,,,
29-08-2022,1737.82,,,,,
30-08-2022,1723.55,,,,,
31-08-2022,1710.70,,,,,
01-09-2022,1696.09,,,,,
02-09-2022,1711.44,,,,,
05-09-2022,1710.21,,,,,
06-09-2022,1701.15,,,,,
07-09-2022,1717.69,,,,,
08-09-2022,1707.28,,,,,
09-09-2022,1716.05,,,,,
12-09-2022,1724.07,,,,,
13-09-2022,1701.55,,,,,
14-09-2022,1695.80,,,,,
15-09-2022,1663.74,,,,,
16-09-2022,1674.94,,,,,
19-09-2022,1675.78,,,,,
20-09-2022,1663.11,,,,,
21-09-2022,1673.74,,,,,
22-09-2022,1670.53,,,,,
23-09-2022,1643.09,,,,,
26-09-2022,1621.57,,,,,
27-09-2022,1628.80,,,,,
28-09-2022,1659.44,,,,,
29-09-2022,1660.29,,,,,
30-09-2022,1659.67,,,,,
03-10-2022,1699.22,,,,,
04-10-2022,1726.24,,,,,
05-10-2022,1715.81,,,,,
06-10-2022,1710.85,,,,,
07-10-2022,1694.52,,,,,
10-10-2022,1667.96,,,,,
11-10-2022,1665.31,,,,,
12-10-2022,1672.51,,,,,
13-10-2022,1665.80,,,,,
14-10-2022,1641.76,,,,,
17-10-2022,1649.94,,,,,
18-10-2022,1651.83,,,,,
19-10-2022,1628.49,,,,,
20-10-2022,1627.66,,,,,
21-10-2022,1656.66,,,,,
24-10-2022,1648.60,,,,,
25-10-2022,1652.52,,,,,
26-10-2022,1664.49,,,,,
27-10-2022,1662.94,,,,,
28-10-2022,1641.76,,,,,
31-10-2022,1633.12,,,,,
01-11-2022,1647.50,,,,,
02-11-2022,1634.89,,,,,
03-11-2022,1629.15,,,,,
04-11-2022,1680.27,,,,,
07-11-2022,1674.68,,,,,
08-11-2022,1712.52,,,,,
09-11-2022,1706.32,,,,,
10-11-2022,1754.75,,,,,
11-11-2022,1770.69,,,,,
14-11-2022,1771.80,,,,,
15-11-2022,1778.25,,,,,
16-11-2022,1773.77,,,,,
17-11-2022,1760.87,,,,,
18-11-2022,1749.74,,,,,
21-11-2022,1737.81,,,,,
22-11-2022,1740.24,,,,,
23-11-2022,1749.28,,,,,
24-11-2022,1754.96,,,,,
25-11-2022,1756.14,,,,,
28-11-2022,1740.75,,,,,
29-11-2022,1749.73,,,,,
30-11-2022,1768.45,,,,,
01-12-2022,1802.89,,,,,
02-12-2022,1797.82,,,,,
05-12-2022,1768.39,,,,,
06-12-2022,1770.91,,,,,
07-12-2022,1786.22,,,,,
08-12-2022,1789.23,,,,,
09-12-2022,1796.63,,,,,
12-12-2022,1781.15,,,,,
13-12-2022,1810.29,,,,,
14-12-2022,1807.27,,,,,
15-12-2022,1776.66,,,,,
16-12-2022,1792.34,,,,,
19-12-2022,1787.44,,,,,
20-12-2022,1817.41,,,,,
21-12-2022,1814.13,,,,,
22-12-2022,1792.57,,,,,
23-12-2022,1797.91,,,,,
26-12-2022,1797.61,,,,,
27-12-2022,1813.93,,,,,
28-12-2022,1804.09,,,,,
29-12-2022,1814.89,,,,,
30-12-2022,1824.40,,,,,
02-01-2023,1823.69,,,,,
03-01-2023,1839.49,,,,,
04-01-2023,1854.09,,,,,
05-01-2023,1833.19,,,,,
06-01-2023,1865.71,,,,,
09-01-2023,1871.59,,,,,
10-01-2023,1877.27,,,,,
11-01-2023,1876.38,,,,,
12-01-2023,1896.86,,,,,
13-01-2023,1920.21,,,,,
16-01-2023,1918.00,,,,,
17-01-2023,1908.39,,,,,
18-01-2023,1903.76,,,,,
19-01-2023,1931.39,,,,,
20-01-2023,1926.57,,,,,
23-01-2023,1931.30,,,,,
24-01-2023,1937.45,,,,,
25-01-2023,1945.93,,,,,
26-01-2023,1928.99,,,,,
27-01-2023,1927.34,,,,,
30-01-2023,1922.52,,,,,
31-01-2023,1927.88,,,,,
01-02-2023,1950.42,,,,,
02-02-2023,1912.37,,,,,
03-02-2023,1865.53,,,,,
06-02-2023,1867.36,,,,,
07-02-2023,1873.81,,,,,
08-02-2023,1875.59,,,,,
09-02-2023,1861.39,,,,,
10-02-2023,1864.67,,,,,
13-02-2023,1853.39,,,,,
14-02-2023,1854.29,,,,,
15-02-2023,1836.19,,,,,
16-02-2023,1837.44,,,,,
17-02-2023,1841.59,,,,,
20-02-2023,1841.14,,,,,
21-02-2023,1834.32,,,,,
22-02-2023,1825.04,,,,,
23-02-2023,1822.64,,,,,
24-02-2023,1810.81,,,,,
27-02-2023,1817.31,,,,,
28-02-2023,1827.15,,,,,
01-03-2023,1836.81,,,,,
02-03-2023,1836.00,,,,,
03-03-2023,1854.97,,,,,
06-03-2023,1846.85,,,,,
07-03-2023,1813.52,,,,,
08-03-2023,1813.59,,,,,
09-03-2023,1830.89,,,,,
10-03-2023,1867.83,,,,,
13-03-2023,1913.23,,,,,
14-03-2023,1902.12,,,,,
15-03-2023,1918.10,,,,,
16-03-2023,1919.12,,,,,
17-03-2023,1987.93,,,,,
20-03-2023,1978.71,,,,,
21-03-2023,1940.15,,,,,
22-03-2023,1969.58,,,,,
23-03-2023,1993.50,,,,,
24-03-2023,1977.22,,,,,
27-03-2023,1956.56,,,,,
28-03-2023,1973.69,,,,,
29-03-2023,1964.04,,,,,
30-03-2023,1980.25,,,,,
31-03-2023,1967.90,,,,,
03-04-2023,1984.11,,,,,
04-04-2023,2019.97,,,,,
05-04-2023,2020.35,,,,,
06-04-2023,2008.02,,,,,
10-04-2023,1989.95,,,,,
11-04-2023,2003.14,,,,,
12-04-2023,2014.67,,,,,
13-04-2023,2039.73,,,,,
14-04-2023,2003.04,,,,,
17-04-2023,1994.77,,,,,
18-04-2023,2004.93,,,,,
19-04-2023,1993.26,,,,,
20-04-2023,2004.34,,,,,
21-04-2023,1982.89,,,,,
24-04-2023,1988.88,,,,,
25-04-2023,1997.87,,,,,
26-04-2023,1989.48,,,,,
27-04-2023,1987.87,,,,,
28-04-2023,1989.65,,,,,
01-05-2023,1982.05,,,,,
02-05-2023,2016.28,,,,,
03-05-2023,2039.02,,,,,
04-05-2023,2051.11,,,,,
05-05-2023,2016.54,,,,,
08-05-2023,2021.39,,,,,
09-05-2023,2034.17,,,,,
10-05-2023,2029.51,,,,,
11-05-2023,2015.55,,,,,
12-05-2023,2011.15,,,,,
15-05-2023,2020.60,,,,,
16-05-2023,1988.60,,,,,
17-05-2023,1981.72,,,,,
18-05-2023,1958.05,,,,,
19-05-2023,1976.56,,,,,
22-05-2023,1969.43,,,,,
23-05-2023,1974.73,,,,,
24-05-2023,1957.01,,,,,
25-05-2023,1940.34,,,,,
26-05-2023,1946.33,,,,,
29-05-2023,1942.84,,,,,
30-05-2023,1959.14,,,,,
31-05-2023,1962.30,,,,,
01-06-2023,1977.88,,,,,
02-06-2023,1947.63,,,,,
05-06-2023,1961.76,,,,,
06-06-2023,1962.85,,,,,
07-06-2023,1939.63,,,,,
08-06-2023,1967.76,,,,,
09-06-2023,1960.60,,,,,
12-06-2023,1956.92,,,,,
13-06-2023,1943.33,,,,,
14-06-2023,1942.99,,,,,
15-06-2023,1957.65,,,,,
16-06-2023,1957.36,,,,,
19-06-2023,1950.12,,,,,
20-06-2023,1935.91,,,,,
21-06-2023,1932.26,,,,,
22-06-2023,1913.52,,,,,
23-06-2023,1921.36,,,,,
26-06-2023,1922.85,,,,,
27-06-2023,1913.35,,,,,
28-06-2023,1907.42,,,,,
29-06-2023,1908.15,,,,,
30-06-2023,1919.57,,,,,
03-07-2023,1921.43,,,,,
04-07-2023,1925.09,,,,,
05-07-2023,1917.32,,,,,
06-07-2023,1910.80,,,,,
07-07-2023,1924.28,,,,,
10-07-2023,1924.99,,,,,
11-07-2023,1931.99,,,,,
12-07-2023,1957.09,,,,,
13-07-2023,1960.19,,,,,
14-07-2023,1954.93,,,,,
17-07-2023,1954.74,,,,,
18-07-2023,1978.71,,,,,
19-07-2023,1977.25,,,,,
20-07-2023,1969.62,,,,,
21-07-2023,1960.23,,,,,
24-07-2023,1954.51,,,,,
25-07-2023,1964.58,,,,,
26-07-2023,1972.10,,,,,
27-07-2023,1944.99,,,,,
28-07-2023,1959.20,,,,,
31-07-2023,1964.19,,,,,
01-08-2023,1944.08,,,,,
02-08-2023,1933.56,,,,,
03-08-2023,1933.74,,,,,
04-08-2023,1941.62,,,,,
07-08-2023,1936.39,,,,,
08-08-2023,1924.82,,,,,
09-08-2023,1914.59,,,,,
10-08-2023,1912.06,,,,,
11-08-2023,1913.32,,,,,
14-08-2023,1907.90,,,,,
15-08-2023,1901.56,,,,,
16-08-2023,1891.76,,,,,
17-08-2023,1888.89,,,,,
18-08-2023,1888.19,,,,,
21-08-2023,1893.94,,,,,
22-08-2023,1897.47,,,,,
23-08-2023,1914.31,,,,,
24-08-2023,1917.43,,,,,
25-08-2023,1914.53,,,,,
28-08-2023,1919.66,,,,,
29-08-2023,1937.12,,,,,
30-08-2023,1942.24,,,,,
31-08-2023,1939.74,,,,,
01-09-2023,1938.80,,,,,
04-09-2023,1938.19,,,,,
05-09-2023,1925.81,,,,,
06-09-2023,1916.28,,,,,
07-09-2023,1919.19,,,,,
08-09-2023,1917.81,,,,,
11-09-2023,1921.66,,,,,
12-09-2023,1913.26,,,,,
13-09-2023,1906.30,,,,,
14-09-2023,1910.32,,,,,
15-09-2023,1923.57,,,,,
18-09-2023,1933.14,,,,,
19-09-2023,1930.94,,,,,
20-09-2023,1929.68,,,,,
21-09-2023,1919.57,,,,,
22-09-2023,1924.99,,,,,
25-09-2023,1915.66,,,,,
26-09-2023,1900.49,,,,,
27-09-2023,1874.70,,,,,
28-09-2023,1864.56,,,,,
29-09-2023,1848.31,,,,,
02-10-2023,1827.40,,,,,
03-10-2023,1822.81,,,,,
04-10-2023,1821.08,,,,,
05-10-2023,1820.01,,,,,
06-10-2023,1832.26,,,,,
09-10-2023,1860.88,,,,,
10-10-2023,1860.09,,,,,
11-10-2023,1873.61,,,,,
12-10-2023,1868.65,,,,,
13-10-2023,1931.70,,,,,
16-10-2023,1919.44,,,,,
17-10-2023,1923.07,,,,,
18-10-2023,1947.69,,,,,
19-10-2023,1973.70,,,,,
20-10-2023,1981.04,,,,,
23-10-2023,1972.59,,,,,
24-10-2023,1970.11,,,,,
25-10-2023,1979.62,,,,,
26-10-2023,1984.82,,,,,
27-10-2023,2005.78,,,,,
30-10-2023,1995.88,,,,,
31-10-2023,1982.70,,,,,
01-11-2023,1982.15,,,,,
02-11-2023,1985.51,,,,,
03-11-2023,1992.27,,,,,
06-11-2023,1977.68,,,,,
07-11-2023,1968.40,,,,,
08-11-2023,1949.79,,,,,
09-11-2023,1958.19,,,,,
10-11-2023,1936.79,,,,,
13-11-2023,1945.89,,,,,
14-11-2023,1962.67,,,,,
15-11-2023,1959.09,,,,,
16-11-2023,1980.85,,,,,
17-11-2023,1980.01,,,,,
20-11-2023,1977.19,,,,,
21-11-2023,1998.37,,,,,
22-11-2023,1989.72,,,,,
23-11-2023,1991.79,,,,,
24-11-2023,2001.97,,,,,
27-11-2023,2013.64,,,,,
28-11-2023,2040.89,,,,,
29-11-2023,2044.59,,,,,
30-11-2023,2035.75,,,,,
01-12-2023,2070.90,,,,,
04-12-2023,2029.74,,,,,
05-12-2023,2019.42,,,,,
06-12-2023,2024.90,,,,,
07-12-2023,2028.34,,,,,
08-12-2023,2003.39,,,,,
11-12-2023,1981.30,,,,,
12-12-2023,1979.44,,,,,
13-12-2023,2026.39,,,,,
14-12-2023,2035.53,,,,,
15-12-2023,2018.19,,,,,
18-12-2023,2027.00,,,,,
19-12-2023,2040.12,,,,,
20-12-2023,2029.19,,,,,
21-12-2023,2045.49,,,,,
22-12-2023,2052.98,,,,,
25-12-2023,2054.93,,,,,
26-12-2023,2066.60,,,,,
27-12-2023,2077.16,,,,,
28-12-2023,2064.86,,,,,
29-12-2023,2062.59,,,,,
01-01-2024,2063.80,,,,,
02-01-2024,2058.88,,,,,
03-01-2024,2040.78,,,,,
04-01-2024,2043.26,,,,,
05-01-2024,2045.50,,,,,
08-01-2024,2027.84,,,,,
09-01-2024,2029.59,,,,,
10-01-2024,2023.40,,,,,
11-01-2024,2028.09,,,,,
12-01-2024,2048.72,,,,,
15-01-2024,2054.49,,,,,
16-01-2024,2027.59,,,,,
17-01-2024,2005.72,,,,,
18-01-2024,2022.67,,,,,
19-01-2024,2029.09,,,,,
22-01-2024,2020.99,,,,,
23-01-2024,2028.69,,,,,
24-01-2024,2012.59,,,,,
25-01-2024,2019.75,,,,,
26-01-2024,2018.34,,,,,
29-01-2024,2031.75,,,,,
30-01-2024,2036.12,,,,,
31-01-2024,2037.19,,,,,
01-02-2024,2054.89,,,,,
02-02-2024,2038.59,,,,,
05-02-2024,2024.67,,,,,
06-02-2024,2035.46,,,,,
07-02-2024,2034.22,,,,,
08-02-2024,2033.18,,,,,
09-02-2024,2024.16,,,,,
12-02-2024,2019.79,,,,,
13-02-2024,1992.13,,,,,
14-02-2024,1992.39,,,,,
15-02-2024,2004.09,,,,,
16-02-2024,2013.10,,,,,
19-02-2024,2017.63,,,,,
20-02-2024,2023.53,,,,,
21-02-2024,2024.99,,,,,
22-02-2024,2024.11,,,,,
23-02-2024,2035.72,,,,,
26-02-2024,2030.66,,,,,
27-02-2024,2029.64,,,,,
28-02-2024,2034.62,,,,,
29-02-2024,2043.24,,,,,
01-03-2024,2083.39,,,,,
04-03-2024,2114.99,,,,,
05-03-2024,2127.55,,,,,
06-03-2024,2148.29,,,,,
07-03-2024,2159.16,,,,,
08-03-2024,2177.51,,,,,
11-03-2024,2182.47,,,,,
12-03-2024,2157.99,,,,,
13-03-2024,2174.40,,,,,
14-03-2024,2161.01,,,,,
15-03-2024,2155.54,,,,,
18-03-2024,2159.99,,,,,
19-03-2024,2157.23,,,,,
20-03-2024,2185.96,,,,,
21-03-2024,2180.81,,,,,
22-03-2024,2164.15,,,,,
25-03-2024,2171.45,,,,,
26-03-2024,2178.58,,,,,
27-03-2024,2194.02,,,,,
28-03-2024,2232.38,,,,,
01-04-2024,2250.36,,,,,
02-04-2024,2280.10,,,,,
03-04-2024,2299.17,,,,,
04-04-2024,2289.43,,,,,
05-04-2024,2329.50,,,,,
08-04-2024,2338.89,,,,,
09-04-2024,2352.58,,,,,
10-04-2024,2332.79,,,,,
11-04-2024,2373.24,,,,,
12-04-2024,2343.43,,,,,
15-04-2024,2382.51,,,,,
16-04-2024,2382.83,,,,,
17-04-2024,2360.81,,,,,
18-04-2024,2378.25,,,,,
19-04-2024,2390.45,,,,,
22-04-2024,2326.29,,,,,
23-04-2024,2321.81,,,,,
24-04-2024,2315.82,,,,,
25-04-2024,2331.78,,,,,
26-04-2024,2337.72,,,,,
29-04-2024,2334.44,,,,,
30-04-2024,2285.57,,,,,
01-05-2024,2317.90,,,,,
02-05-2024,2303.29,,,,,
03-05-2024,2301.56,,,,,
06-05-2024,2323.57,,,,,
07-05-2024,2313.79,,,,,
08-05-2024,2308.65,,,,,
09-05-2024,2345.88,,,,,
10-05-2024,2360.14,,,,,
13-05-2024,2336.05,,,,,
14-05-2024,2357.97,,,,,
15-05-2024,2386.04,,,,,
16-05-2024,2376.44,,,,,
17-05-2024,2414.89,,,,,
20-05-2024,2425.12,,,,,
21-05-2024,2421.64,,,,,
22-05-2024,2378.25,,,,,
23-05-2024,2328.37,,,,,
24-05-2024,2333.76,,,,,
27-05-2024,2350.74,,,,,
28-05-2024,2360.95,,,,,
29-05-2024,2338.77,,,,,
30-05-2024,2343.00,,,,,
31-05-2024,2326.97,,,,,
03-06-2024,2350.35,,,,,
04-06-2024,2327.68,,,,,
05-06-2024,2354.78,,,,,
06-06-2024,2375.61,,,,,
07-06-2024,2292.71,,,,,
10-06-2024,2310.60,,,,,
11-06-2024,2316.27,,,,,
12-06-2024,2322.55,,,,,
13-06-2024,2303.19,,,,,
14-06-2024,2332.52,,,,,
17-06-2024,2318.87,,,,,
18-06-2024,2328.33,,,,,
19-06-2024,2327.48,,,,,
20-06-2024,2359.63,,,,,
21-06-2024,2320.34,,,,,
24-06-2024,2332.93,,,,,
25-06-2024,2319.01,,,,,
26-06-2024,2297.91,,,,,
27-06-2024,2327.45,,,,,
28-06-2024,2325.71,,,,,
01-07-2024,2331.70,,,,,
02-07-2024,2329.28,,,,,
03-07-2024,2356.06,,,,,
04-07-2024,2356.12,,,,,
05-07-2024,2391.46,,,,,
08-07-2024,2358.80,,,,,
09-07-2024,2363.58,,,,,
10-07-2024,2371.07,,,,,
11-07-2024,2414.78,,,,,
12-07-2024,2411.27,,,,,
15-07-2024,2422.07,,,,,
16-07-2024,2468.57,,,,,
17-07-2024,2458.38,,,,,
18-07-2024,2444.97,,,,,
19-07-2024,2400.79,,,,,
22-07-2024,2397.65,,,,,
23-07-2024,2409.21,,,,,
24-07-2024,2397.59,,,,,
25-07-2024,2364.50,,,,,
26-07-2024,2385.57,,,,,
29-07-2024,2383.54,,,,,
30-07-2024,2408.43,,,,,
31-07-2024,2448.10,,,,,
01-08-2024,2445.42,,,,,
02-08-2024,2443.29,,,,,
05-08-2024,2407.65,,,,,
06-08-2024,2389.37,,,,,
07-08-2024,2381.53,,,,,
08-08-2024,2426.75,,,,,
09-08-2024,2430.93,,,,,
12-08-2024,2472.25,,,,,
13-08-2024,2465.03,,,,,
14-08-2024,2447.64,,,,,
15-08-2024,2456.10,,,,,
16-08-2024,2507.28,,,,,
19-08-2024,2503.92,,,,,
20-08-2024,2513.74,,,,,
21-08-2024,2511.95,,,,,
22-08-2024,2483.29,,,,,
23-08-2024,2512.07,,,,,
26-08-2024,2516.89,,,,,
27-08-2024,2524.57,,,,,
28-08-2024,2502.25,,,,,
29-08-2024,2521.18,,,,,
30-08-2024,2503.03,,,,,
02-09-2024,2499.29,,,,,
03-09-2024,2492.76,,,,,
04-09-2024,2494.19,,,,,
05-09-2024,2516.32,,,,,
06-09-2024,2497.03,,,,,
09-09-2024,2505.25,,,,,
10-09-2024,2516.12,,,,,
11-09-2024,2511.44,,,,,
12-09-2024,2558.75,,,,,
13-09-2024,2576.50,,,,,
16-09-2024,2582.58,,,,,
17-09-2024,2569.52,,,,,
18-09-2024,2558.80,,,,,
19-09-2024,2586.48,,,,,
20-09-2024,2621.96,,,,,
23-09-2024,2628.40,,,,,
24-09-2024,2656.70,,,,,
25-09-2024,2656.82,,,,,
26-09-2024,2670.20,,,,,
27-09-2024,2657.97,,,,,
30-09-2024,2634.49,,,,,
01-10-2024,2662.82,,,,,
02-10-2024,2657.75,,,,,
03-10-2024,2655.90,,,,,
04-10-2024,2652.25,,,,,
07-10-2024,2643.58,,,,,
08-10-2024,2621.94,,,,,
09-10-2024,2607.77,,,,,
10-10-2024,2629.48,,,,,
11-10-2024,2656.00,,,,,
14-10-2024,2651.05,,,,,
15-10-2024,2660.99,,,,,
16-10-2024,2673.24,,,,,
17-10-2024,2692.55,,,,,
18-10-2024,2720.25,,,,,
21-10-2024,2719.65,,,,,
22-10-2024,2748.38,,,,,
23-10-2024,2717.54,,,,,
24-10-2024,2735.70,,,,,
25-10-2024,2747.69,,,,,
28-10-2024,2741.98,,,,,
29-10-2024,2775.13,,,,,
30-10-2024,2786.19,,,,,
31-10-2024,2743.80,,,,,
01-11-2024,2735.16,,,,,
04-11-2024,2736.39,,,,,
05-11-2024,2743.59,,,,,
06-11-2024,2659.24,,,,,
07-11-2024,2706.99,,,,,
08-11-2024,2683.77,,,,,
11-11-2024,2620.20,,,,,
12-11-2024,2597.27,,,,,
13-11-2024,2573.78,,,,,
14-11-2024,2566.19,,,,,
15-11-2024,2561.24,,,,,
18-11-2024,2612.20,,,,,
19-11-2024,2631.68,,,,,
20-11-2024,2650.05,,,,,
21-11-2024,2669.69,,,,,
22-11-2024,2712.55,,,,,
25-11-2024,2625.26,,,,,
26-11-2024,2631.89,,,,,
27-11-2024,2635.51,,,,,
28-11-2024,2640.96,,,,,
29-11-2024,2653.55,,,,,
02-12-2024,2638.93,,,,,
03-12-2024,2643.44,,,,,
04-12-2024,2649.79,,,,,
05-12-2024,2632.05,,,,,
06-12-2024,2632.91,,,,,
09-12-2024,2658.78,,,,,
10-12-2024,2693.64,,,,,
11-12-2024,2717.93,,,,,
12-12-2024,2681.33,,,,,
13-12-2024,2648.39,,,,,
16-12-2024,2652.50,,,,,
17-12-2024,2645.54,,,,,
18-12-2024,2587.63,,,,,
19-12-2024,2593.85,,,,,
20-12-2024,2620.77,,,,,
23-12-2024,2612.93,,,,,
24-12-2024,2613.20,,,,,
26-12-2024,2634.43,,,,,
27-12-2024,2620.00,,,,,
30-12-2024,2605.39,,,,,
31-12-2024,2623.81,,,,,
02-01-2025,2657.16,,,,,
03-01-2025,2639.12,,,,,
06-01-2025,2635.33,,,,,
07-01-2025,2649.49,,,,,
08-01-2025,2662.06,,,,,
09-01-2025,2670.19,,,,,
10-01-2025,2689.63,,,,,
13-01-2025,2662.12,,,,,
14-01-2025,2677.16,,,,,
15-01-2025,2695.82,,,,,
16-01-2025,2713.77,,,,,
17-01-2025,2701.55,,,,,
20-01-2025,2708.06,,,,,
21-01-2025,2744.39,,,,,
22-01-2025,2755.02,,,,,
23-01-2025,2753.69,,,,,
24-01-2025,2771.30,,,,,
27-01-2025,2741.10,,,,,
28-01-2025,2763.11,,,,,
29-01-2025,2757.71,,,,,
30-01-2025,2793.88,,,,,
31-01-2025,2801.00,,,,,
03-02-2025,2813.49,,,,,
04-02-2025,2841.94,,,,,
05-02-2025,2865.09,,,,,
06-02-2025,2856.50,,,,,
07-02-2025,2860.39,,,,,
10-02-2025,2907.34,,,,,
11-02-2025,2898.34,,,,,
12-02-2025,2903.66,,,,,
13-02-2025,2929.03,,,,,
14-02-2025,2883.18,,,,,
17-02-2025,2897.66,,,,,
18-02-2025,2935.58,,,,,
19-02-2025,2932.64,,,,,
20-02-2025,2938.70,,,,,
21-02-2025,2936.03,,,,,
24-02-2025,2951.19,,,,,
25-02-2025,2915.12,,,,,
26-02-2025,2916.19,,,,,
27-02-2025,2876.19,,,,,
28-02-2025,2858.60,,,,,
03-03-2025,2893.71,,,,,
04-03-2025,2917.49,,,,,
05-03-2025,2918.84,,,,,
06-03-2025,2909.99,,,,,
07-03-2025,2910.79,,,,,
10-03-2025,2889.40,,,,,
11-03-2025,2916.04,,,,,
12-03-2025,2932.06,,,,,
13-03-2025,2987.75,,,,,
14-03-2025,2984.42,,,,,
17-03-2025,3001.47,,,,,
18-03-2025,3033.95,,,,,
19-03-2025,3047.18,,,,,
20-03-2025,3044.41,,,,,
21-03-2025,3023.63,,,,,
24-03-2025,3012.27,,,,,
25-03-2025,3019.85,,,,,
26-03-2025,3019.29,,,,,
27-03-2025,3056.10,,,,,
28-03-2025,3084.03,,,,,
31-03-2025,3123.05,,,,,
